[20:47:53] [main/INFO]: Loading Minecraft 1.20.1 with Fabric Loader 0.16.3
[20:47:58] [ForkJoinPool-1-worker-1/WARN]: Mod netherdepthsupgrade uses the version fabric-3.1.1-1.20 which isn't compatible with Loader's extended semantic version format (Could not parse version number component 'fabric'!), SemVer is recommended for reliably evaluating dependencies and prioritizing newer version
[20:48:00] [ForkJoinPool-1-worker-1/WARN]: Mod geophilic uses the version v2.1.0-mc1.20u1.20.2 which isn't compatible with Loader's extended semantic version format (Could not parse version number component 'v2'!), SemVer is recommended for reliably evaluating dependencies and prioritizing newer version
[20:48:00] [ForkJoinPool-1-worker-2/WARN]: Mod io_netty_netty-handler-proxy uses the version 4.1.82.Final which isn't compatible with Loader's extended semantic version format (Could not parse version number component 'Final'!), SemVer is recommended for reliably evaluating dependencies and prioritizing newer version
[20:48:00] [ForkJoinPool-1-worker-2/WARN]: Mod io_netty_netty-codec-http uses the version 4.1.82.Final which isn't compatible with Loader's extended semantic version format (Could not parse version number component 'Final'!), SemVer is recommended for reliably evaluating dependencies and prioritizing newer version
[20:48:00] [ForkJoinPool-1-worker-2/WARN]: Mod io_netty_netty-codec-socks uses the version 4.1.82.Final which isn't compatible with Loader's extended semantic version format (Could not parse version number component 'Final'!), SemVer is recommended for reliably evaluating dependencies and prioritizing newer version
[20:48:00] [ForkJoinPool-1-worker-2/WARN]: Mod explorify uses the version v1.3.0-mc1.20 which isn't compatible with Loader's extended semantic version format (Could not parse version number component 'v1'!), SemVer is recommended for reliably evaluating dependencies and prioritizing newer version
[20:48:01] [ForkJoinPool-1-worker-3/WARN]: The mod "openblocks" contains invalid entries in its mod json:
- Unsupported root entry "client" at line 24 column 11
[20:48:02] [ForkJoinPool-1-worker-2/WARN]: Mod oceansdelight uses the version fdrf-fabric-1.0.2-1.20 which isn't compatible with Loader's extended semantic version format (Could not parse version number component 'fdrf'!), SemVer is recommended for reliably evaluating dependencies and prioritizing newer version
[20:48:02] [ForkJoinPool-1-worker-1/WARN]: Mod death_knights uses the version 0.6.1beta which isn't compatible with Loader's extended semantic version format (Could not parse version number component '1beta'!), SemVer is recommended for reliably evaluating dependencies and prioritizing newer version
[20:48:03] [ForkJoinPool-1-worker-4/WARN]: Mod wither_spawn_fix uses the version MC1.20.1-1.0.0 which isn't compatible with Loader's extended semantic version format (Could not parse version number component 'MC1'!), SemVer is recommended for reliably evaluating dependencies and prioritizing newer version
[20:48:03] [ForkJoinPool-1-worker-2/WARN]: Mod ends_delight uses the version refabricated-1.20.1-alpha-1.0 which isn't compatible with Loader's extended semantic version format (Could not parse version number component 'refabricated'!), SemVer is recommended for reliably evaluating dependencies and prioritizing newer version
[20:48:03] [ForkJoinPool-1-worker-1/WARN]: Mod magna uses the version ${version} which isn't compatible with Loader's extended semantic version format (Could not parse version number component '${version}'!), SemVer is recommended for reliably evaluating dependencies and prioritizing newer version
[20:48:03] [ForkJoinPool-1-worker-2/WARN]: The mod "dungeons_arise" contains invalid entries in its mod json:
- Unsupported root entry "credits" at line 12 column 12
[20:48:03] [ForkJoinPool-1-worker-3/WARN]: The mod "luna" contains invalid entries in its mod json:
- Unsupported root entry "credits" at line 10 column 14
- Unsupported root entry "incompatible" at line 34 column 19
[20:48:04] [ForkJoinPool-1-worker-2/WARN]: Mod travelersbackpack uses the version fabric-1.20.1-9.1.15 which isn't compatible with Loader's extended semantic version format (Could not parse version number component 'fabric'!), SemVer is recommended for reliably evaluating dependencies and prioritizing newer version
[20:48:04] [main/INFO]: Dependencies overridden for smoothgui, create_questing, estrogen, thermoo, bettertrims, frostiful, chatanimation, copycats
[20:48:04] [main/WARN]: Warnings were found!
 - Mod 'Alloy Forgery' (alloy_forgery) 2.1.1+1.20 recommends version 12.0.0 or later of roughlyenoughitems, which is missing!
	 - You should install version 12.0.0 or later of roughlyenoughitems for the optimal experience.
 - Mod 'Debugify' (debugify) 1.20.1+2.0 recommends any 3.x version of yet-another-config-lib, which is missing!
	 - You should install any 3.x version of yet-another-config-lib for the optimal experience.
 - Mod 'SimplySkills' (simplyskills) 1.7.1+1.20.1 recommends version 1.4.2+1.20.1 or later of amethyst_core, which is missing!
	 - You should install version 1.4.2+1.20.1 or later of amethyst_core for the optimal experience.
 - Mod 'Spellblades and Such' (spellbladenext) 1.21.3+1.20.1 recommends version 1.2.0+1.20.1 of mod 'Paladins & Priests (RPG Series)' (paladins), but only the wrong version is present: 1.3.1+1.20.1!
	 - You should install version 1.2.0+1.20.1 of mod 'Paladins & Priests (RPG Series)' (paladins) for the optimal experience.
[20:48:04] [main/INFO]: Loading 516 mods:
	- aaa_particles 1.20.1-1.4.7
	- accessories 1.0.0-beta.41+1.20.1
	   |-- io_wispforest_endec 0.1.8
	   |-- io_wispforest_endec_gson 0.1.5
	   \-- io_wispforest_endec_netty 0.1.4
	- ad_astra 1.15.5
	- ad_astra_giselle_addon 5.6
	- advancednetherite 2.0.2-1.20.1
	- adventurez 1.4.20
	- ae2 15.2.12
	   \-- team_reborn_energy 3.0.0
	- ae2wtlib 15.2.1-fabric
	- alloy_forgery 2.1.1+1.20
	- allthetrims 3.4.2
	- almostunified 1.20.1-0.9.4
	- alternate-current 1.7.0
	- amendments 1.20-1.2.11
	- animal_feeding_trough 1.0.3+1.20.1
	- appleskin 2.5.1+mc1.20
	- aquamirae 6
	- aqupdcaracal 1.20-2.3.3
	- archers 1.2.5+1.20.1
	   \-- com_github_zsoltmolnarrr_tinyconfig 2.3.2
	- architectury 9.2.14
	- archon 0.7.4
	   |-- cardinal-components-base 5.2.2
	   |-- cardinal-components-entity 5.2.2
	   |-- com_github_zsoltmolnarrr_tinyconfig 2.3.2
	   |-- omega-config 1.4.0+1.20.1
	   \-- saflib 1.1.0
	- artifacts 9.5.5
	   |-- cardinal-components-base 5.2.2
	   |-- cardinal-components-entity 5.2.2
	   |-- expandability 9.0.4
	   \-- step-height-entity-attribute 1.2.0
	- ash_api 3.0.2+1.20.1
	- athena 3.1.1
	- attributefix 21.0.4
	- autotag-convention 2.0.2+1.20
	   \-- autotag 2.0.2+1.20
	- azurelib 2.0.6
	- azurelibarmor 2.0.0
	- badpackets 0.4.3
	- balm-fabric 7.3.9
	   \-- kuma_api 20.1.8
	- barteringstation 8.0.0
	- bcc 4.0.8
	- bclib 3.0.14
	   \-- wunderlib 1.1.5
	- beachparty 1.1.3
	- beekeeperhut 1.3.0
	- better-trim-tooltips 1.0.1
	- betterarcheology 1.1.0
	- betterchunkloading 1.20.1-2.3
	- bettercombat 1.8.3+1.20.1
	- betterdeserttemples 1.20-Fabric-3.0.3
	   \-- org_reflections_reflections 0.10.2
	- betterdungeons 1.20-Fabric-4.0.3
	- betterend 4.0.11
	- betterend-crashed-ships 1.0.0
	- betterendisland 1.20-Fabric-2.0.4
	- betterfortresses 1.20-Fabric-2.0.5
	- betterfpsdist 1.20.1-4.0
	- betterjungletemples 1.20-Fabric-2.0.4
	- bettermineshafts 1.20-Fabric-4.0.4
	- betternether 9.0.10
	- betteroceanmonuments 1.20-Fabric-3.0.4
	- betterstats 3.5.2+fabric-1.20.1
	   \-- tcdcommons 3.5+fabric-1.20.1
	- betterstrongholds 1.20-Fabric-4.0.3
	- betterthanmending 1.3.0
	- bettertrims 2.3.2
	- betterwitchhuts 1.20-Fabric-3.0.3
	- bewitchment 1.20-8
	   |-- impersonate 2.10.2
	   |    \-- fabric-permissions-api-v0 0.2-SNAPSHOT
	   |-- playerabilitylib 1.8.0
	   |-- reach-entity-attributes 2.4.0
	   \-- terraform-wood-api-v1 7.0.3
	- blockrunner 8.0.2
	- blockswap 5.0.0.0
	- boatbreakfix 1.0.2
	- bookshelf 20.1.6
	- bosses_of_mass_destruction 1.7.5-1.20.1
	   |-- maelstrom_library 1.6.1-1.20
	   \-- multipart_entities 1.5-1.20
	- botania 1.20.1-446-FABRIC
	   |-- fiber 0.23.0-2
	   |-- reach-entity-attributes 2.4.0
	   \-- step-height-entity-attribute 1.2.0
	- botarium 2.3.3
	   \-- team_reborn_energy 3.0.0
	- brewery 1.1.4
	- buildguide 0.4.0
	- cardinal-components 5.2.2
	   |-- cardinal-components-block 5.2.2
	   |-- cardinal-components-chunk 5.2.2
	   |-- cardinal-components-item 5.2.2
	   |-- cardinal-components-level 5.2.2
	   |-- cardinal-components-scoreboard 5.2.2
	   \-- cardinal-components-world 5.2.2
	- carryon 2.1.2.7
	- chefsdelight 1.0.3-fabric-1.20.1
	- chipped 3.0.4
	- cloth-config 11.1.118
	   \-- cloth-basic-math 0.6.1
	- clumps 12.0.0.3
	- collective 7.7
	- combat_effects 1.0.0
	- combatroll 1.3.0+1.20.1
	- comforts 6.3.4+1.20.1
	- commonnetworking 1.0.5-1.20.1
	- computercraft 1.108.4
	   |-- com_electronwill_night-config_core 3.6.7
	   |-- com_electronwill_night-config_toml 3.6.7
	   |-- com_jcraft_jzlib 1.1.3
	   |-- io_netty_netty-codec-http 4.1.82.Final
	   |-- io_netty_netty-codec-socks 4.1.82.Final
	   |-- io_netty_netty-handler-proxy 4.1.82.Final
	   \-- org_squiddev_cobalt 0.7.3
	- connectiblechains 2.2.1+1.20.1
	- connectivity 1.20.1-4.8
	- convenientdecor 0.4.1
	   \-- omega-config 1.4.0+1.20.1
	- copycats 2.1.4+mc.1.20.1-fabric
	- coroutil 1.20.1-1.3.5
	- create 0.5.1-f-build.1417+mc1.20.1
	   |-- com_google_code_findbugs_jsr305 3.0.2
	   |-- flywheel 0.6.10-2
	   |-- milk 1.2.60
	   |    \-- dripstone_fluid_lib 3.0.2
	   |-- porting_lib_brewing 2.3.2+1.20.1
	   |-- porting_lib_client_events 2.3.2+1.20.1
	   |-- porting_lib_obj_loader 2.3.2+1.20.1
	   |-- porting_lib_tags 3.0
	   |-- reach-entity-attributes 2.4.0
	   \-- registrate-fabric 1.3.62-MC1.20.1
	        |-- porting_lib_data 2.1.1090+1.20
	        |    \-- porting_lib_gametest 2.1.1090+1.20
	        \-- porting_lib_model_generators 2.1.1090+1.20
	             \-- porting_lib_gametest 2.1.1090+1.20
	- create_new_age 1.1.2
	- create_questing 1.0.0
	- createaddition 1.2.3
	- creativecore 2.11.10
	   \-- net_minecraftforge_eventbus 6.0.3
	- creeperoverhaul 3.0.1
	- cristellib 1.1.5
	   \-- blue_endless_jankson 1.2.3
	- croptopia 2.3.2
	   |-- com_typesafe_config 1.4.1
	   |-- io_leangen_geantyref_geantyref 1.3.11
	   |-- org_spongepowered_configurate-core 4.1.2
	   \-- org_spongepowered_configurate-hocon 4.1.2
	- ctov 3.3.6
	- cupboard 1.20.1-2.1
	- custom_entity_attributes 1.0.0
	- customitemattributes 2.0.0
	- darkpaintings 17.0.4
	- darkutils 17.0.3
	- dawn 5.0.0
	   \-- terraform-shapes-api-v1 7.0.1
	- death_knights 0.6.1beta
	   |-- com_github_zsoltmolnarrr_tinyconfig 2.3.2
	   \-- mixinsquared 0.1.2-beta.5
	- debugify 1.20.1+2.0
	- decorative_blocks 4.0.3
	- deeperdarker 1.2.3
	   \-- customportalapi 0.0.1-beta64-1.20
	- derelict 1.1.1
	- deuf_refabricated 1.1.0
	- do_a_barrel_roll 3.3.7+1.20
	   |-- cicada 0.5.0+1.20.1-minus
	   \-- fabric-permissions-api-v0 0.2-SNAPSHOT
	- doapi 1.2.8
	- doubledoors 5.1
	- dragonfight 1.20.1-4.1
	- dummmmmmy 1.20-1.8.10
	- dungeons_arise 2.1.57
	- dynamictrim 1.3.2
	- eldritch_end 0.3.2
	- emi 1.1.12+1.20.1+fabric
	- emi_enchanting 0.1.1+1.20.1
	- emi_loot 0.7.1+1.20.1
	- endrem 5.2.2
	- ends_delight refabricated-1.20.1-alpha-1.0
	- epherolib 1.2.0
	- estrogen 4.3.0+1.20.1-fabric
	   |-- baubly 1.0.1
	   |-- com_teamresourceful_resourceful-cosmetics-4j 1.0.4
	   |-- critter_lib 0.1-beta.11
	   \-- jukeboxfix 1.0.0+1.20.1
	- expandeddelight 0.3.1
	   \-- omega-config 1.4.0+1.20.1
	- explorations 1.20.1-1.5.2
	- explorerscompass 1.20.1-2.2.3-fabric
	- explorify v1.3.0-mc1.20
	- extendedae 1.20-1.0.2-fabric
	   \-- configuration 2.2.0
	- extra-mod-integrations 0.4.6+1.20.1
	- extraspellattributes 1.2.14
	- fabric-api 0.92.2+1.20.1
	   |-- fabric-api-base 0.4.31+1802ada577
	   |-- fabric-api-lookup-api-v1 1.6.36+1802ada577
	   |-- fabric-biome-api-v1 13.0.13+1802ada577
	   |-- fabric-block-api-v1 1.0.11+1802ada577
	   |-- fabric-block-view-api-v2 1.0.1+1802ada577
	   |-- fabric-blockrenderlayer-v1 1.1.41+1802ada577
	   |-- fabric-client-tags-api-v1 1.1.2+1802ada577
	   |-- fabric-command-api-v1 1.2.34+f71b366f77
	   |-- fabric-command-api-v2 2.2.13+1802ada577
	   |-- fabric-commands-v0 0.2.51+df3654b377
	   |-- fabric-containers-v0 0.1.64+df3654b377
	   |-- fabric-content-registries-v0 4.0.11+1802ada577
	   |-- fabric-convention-tags-v1 1.5.5+1802ada577
	   |-- fabric-crash-report-info-v1 0.2.19+1802ada577
	   |-- fabric-data-attachment-api-v1 1.0.0+de0fd6d177
	   |-- fabric-data-generation-api-v1 12.3.4+1802ada577
	   |-- fabric-dimensions-v1 2.1.54+1802ada577
	   |-- fabric-entity-events-v1 1.6.0+1c78457f77
	   |-- fabric-events-interaction-v0 0.6.2+1802ada577
	   |-- fabric-events-lifecycle-v0 0.2.63+df3654b377
	   |-- fabric-game-rule-api-v1 1.0.40+1802ada577
	   |-- fabric-item-api-v1 2.1.28+1802ada577
	   |-- fabric-item-group-api-v1 4.0.12+1802ada577
	   |-- fabric-key-binding-api-v1 1.0.37+1802ada577
	   |-- fabric-keybindings-v0 0.2.35+df3654b377
	   |-- fabric-lifecycle-events-v1 2.2.22+1802ada577
	   |-- fabric-loot-api-v2 1.2.1+1802ada577
	   |-- fabric-loot-tables-v1 1.1.45+9e7660c677
	   |-- fabric-message-api-v1 5.1.9+1802ada577
	   |-- fabric-mining-level-api-v1 2.1.50+1802ada577
	   |-- fabric-model-loading-api-v1 1.0.3+1802ada577
	   |-- fabric-models-v0 0.4.2+9386d8a777
	   |-- fabric-networking-api-v1 1.3.11+1802ada577
	   |-- fabric-networking-v0 0.3.51+df3654b377
	   |-- fabric-object-builder-api-v1 11.1.3+1802ada577
	   |-- fabric-particles-v1 1.1.2+1802ada577
	   |-- fabric-recipe-api-v1 1.0.21+1802ada577
	   |-- fabric-registry-sync-v0 2.3.3+1802ada577
	   |-- fabric-renderer-api-v1 3.2.1+1802ada577
	   |-- fabric-renderer-indigo 1.5.2+85287f9f77
	   |-- fabric-renderer-registries-v1 3.2.46+df3654b377
	   |-- fabric-rendering-data-attachment-v1 0.3.37+92a0d36777
	   |-- fabric-rendering-fluids-v1 3.0.28+1802ada577
	   |-- fabric-rendering-v0 1.1.49+df3654b377
	   |-- fabric-rendering-v1 3.0.8+1802ada577
	   |-- fabric-resource-conditions-api-v1 2.3.8+1802ada577
	   |-- fabric-resource-loader-v0 0.11.10+1802ada577
	   |-- fabric-screen-api-v1 2.0.8+1802ada577
	   |-- fabric-screen-handler-api-v1 1.3.30+1802ada577
	   |-- fabric-sound-api-v1 1.0.13+1802ada577
	   |-- fabric-transfer-api-v1 3.3.5+8dd72ea377
	   \-- fabric-transitive-access-wideners-v1 4.3.1+1802ada577
	- fabric-language-kotlin 1.12.0+kotlin.2.0.10
	   |-- org_jetbrains_kotlin_kotlin-reflect 2.0.10
	   |-- org_jetbrains_kotlin_kotlin-stdlib 2.0.10
	   |-- org_jetbrains_kotlin_kotlin-stdlib-jdk7 2.0.10
	   |-- org_jetbrains_kotlin_kotlin-stdlib-jdk8 2.0.10
	   |-- org_jetbrains_kotlinx_atomicfu-jvm 0.25.0
	   |-- org_jetbrains_kotlinx_kotlinx-coroutines-core-jvm 1.8.1
	   |-- org_jetbrains_kotlinx_kotlinx-coroutines-jdk8 1.8.1
	   |-- org_jetbrains_kotlinx_kotlinx-datetime-jvm 0.6.0
	   |-- org_jetbrains_kotlinx_kotlinx-io-bytestring-jvm 0.5.1
	   |-- org_jetbrains_kotlinx_kotlinx-io-core-jvm 0.5.1
	   |-- org_jetbrains_kotlinx_kotlinx-serialization-cbor-jvm 1.7.1
	   |-- org_jetbrains_kotlinx_kotlinx-serialization-core-jvm 1.7.1
	   \-- org_jetbrains_kotlinx_kotlinx-serialization-json-jvm 1.7.1
	- fabricloader 0.16.3
	   \-- mixinextras 0.4.1
	- fakerlib 0.1.4
	- farmersdelight 1.20.1-2.1.6+refabricated
	   |-- mm 2.3
	   |-- porting_lib_accessors 2.3.4+1.20.1
	   |    \-- porting_lib_core 2.3.4+1.20.1
	   |-- porting_lib_base 2.3.4+1.20.1
	   |    |-- porting_lib_core 2.3.4+1.20.1
	   |    |-- porting_lib_fluids 2.3.4+1.20.1
	   |    |-- porting_lib_mixin_extensions 2.3.4+1.20.1
	   |    |-- porting_lib_transfer 2.3.4+1.20.1
	   |    \-- reach-entity-attributes 2.4.0
	   |-- porting_lib_config 2.3.4+1.20.1
	   |    \-- porting_lib_core 2.3.4+1.20.1
	   |-- porting_lib_lazy_registration 2.3.4+1.20.1
	   |    \-- porting_lib_core 2.3.4+1.20.1
	   |-- porting_lib_loot 2.3.4+1.20.1
	   |    \-- porting_lib_core 2.3.4+1.20.1
	   |-- porting_lib_networking 2.3.4+1.20.1
	   |    \-- porting_lib_core 2.3.4+1.20.1
	   |-- porting_lib_recipe_book_categories 2.3.4+1.20.1
	   |    \-- porting_lib_core 2.3.4+1.20.1
	   \-- porting_lib_tool_actions 2.3.4+1.20.1
	        \-- porting_lib_core 2.3.4+1.20.1
	- farmersknives 3.2
	- faster-random 5.1.0
	- fastpaintings 1.20-1.2.4
	- faux-custom-entity-data 6.0.1
	- ferritecore 6.0.1
	- fishontheline 3.1
	- flowerymooblooms 1.1.0
	- forgeconfigapiport 8.0.0
	- forgeconfigscreens 8.0.2
	- friendsandfoes 1.9.8
	- frostiful 1.0.8
	   \-- mm 2.3
	- ftblibrary 2001.1.4
	- ftbquests 2001.2.0
	   \-- team_reborn_energy 3.0.0
	- ftbteams 2001.1.4
	- fwaystones 3.1.3+mc1.20
	- fzzy_config 0.3.7+1.20.1
	   \-- net_peanuuutz_tomlkt_tomlkt-jvm 0.3.7
	- geckolib 4.2.4
	   \-- com_eliotlash_mclib_mclib 20
	- geophilic v2.1.0-mc1.20u1.20.2
	- grassoverhaul 23.10.11
	- graveyard 2.9.1
	- handcrafted 3.0.6
	- herbalbrews 1.0.5
	- highlight 2.0.1
	- icarus 2.9.1
	- iceberg 1.1.18
	- idwtialsimmoedm 0.2.0+1.20
	- immersive_armors 1.6.1+1.20.1
	- immersive_melodies 0.1.0+1.20.1
	- immersivelanterns 1.0.2
	- immersivemessages 1.0.6
	   |-- mixinextras 0.4.1
	   \-- mm 2.3
	- indrev 1.16.5-BETA
	   |-- libgui 8.1.1+1.20.1
	   |    |-- jankson 6.0.0+j1.2.3
	   |    \-- libninepatch 1.2.0
	   |-- noindium 1.1.0+1.19
	   |-- step-height-entity-attribute 1.2.0
	   \-- team_reborn_energy 3.0.0
	- inventorysorter 1.9.0-1.20
	   \-- kyrptconfig 1.5.6-1.20
	- invoke 0.2.4
	- ironchests 5.0.2
	- item_obliterator 2.3.0
	- itemfilters 2001.1.0-build.59
	- jade 11.6.2
	- jamlib 0.6.1+1.20.x
	- java 17
	- jewelry 1.3.7+1.20.1
	   \-- com_github_zsoltmolnarrr_tinyconfig 2.3.2
	- justhammers 2.0.3+mc1.20.1
	- kibe 1.10.1-BETA+1.20
	   \-- playerabilitylib 1.8.0
	- kleeslabs 15.0.0
	- konkrete 1.7.0
	- krypton 0.2.3
	   \-- com_velocitypowered_velocity-native 3.2.0-SNAPSHOT
	- leavesbegone 8.0.0
	- libz 1.0.3
	   |-- com_fasterxml_jackson_core_jackson-annotations 2.15.2
	   |-- com_fasterxml_jackson_core_jackson-core 2.15.2
	   \-- com_fasterxml_jackson_core_jackson-databind 2.15.2
	- lithium 0.11.2
	- lmft 1.0.2+1.20
	- logbegone 1.0.8
	- lootintegrations 1.20.1-3.4
	- lootr 0.7.33.81
	- luna 1.0.0
	- magnumtorch 8.0.1
	- mavapi 1.1.3
	- mavm 1.2.4
	- mcda 5.0.2
	- mcdw 9.0.4
	- megacells 2.3.6-1.20.1
	- melody 1.0.3
	- memoryleakfix 1.1.2
	- merequester 1.20.1-1.1.4
	- mes 1.3-1.19.4-fabric
	- midnightlib 1.4.1
	- minecells 1.8.4+patch1
	   \-- gimm1q 0.6.1+1.20.1
	- minecraft 1.20.1
	- mixintrace 1.1.1+1.17
	- mmmindicators 1.0.0
	- mobhealthbar 2.3.0
	- modern_industrialization 1.8.6
	   |-- magna 1.10.1+1.20.1
	   |-- noindium 1.1.0+1.20
	   |-- playerabilitylib 1.8.0
	   \-- team_reborn_energy 3.0.0
	- modernfix 5.11.0+mc1.20.1
	- modpack-update-checker 0.15.2
	   \-- mpuc_lavendermd 0.1.2
	- moonlight 1.20-2.12.20
	- more_armor_trims 1.1.3-1.20.1
	- moremobvariants 1.2.2
	- moretotems 2.15.0
	- mutantmonsters 8.0.4
	- mvs 4.1.1-1.20-fabric
	- mythicmobs 1.20.1-fabric-1.4.5
	- mythicmounts 1.20.1-7.2
	- mythicupgrades 2.3.2+mc1.20.1
	- naturalist 4.0.3
	- naturescompass 1.20.1-2.2.3-fabric
	- necronomicon 1.6.0
	- nerb 0.3
	- neruina 1.3.0
	- netherchested 8.0.1
	   \-- puzzlesapi 8.0.2
	- netherdepthsupgrade fabric-3.1.1-1.20
	- netherportalfix 13.0.1
	- nightconfigfixes 8.0.0
	- nochatreports 1.20.1-v2.2.2
	   |-- fabric-rendering-v1 3.0.6+b3afc78b82
	   \-- fabric-screen-api-v1 2.0.6+b3afc78b82
	- obscure_api 16
	- oceansdelight fdrf-fabric-1.0.2-1.20
	- opaccreatesupport 1.6.0
	- openblocks 0.0.3-1.20.1
	- openloader 19.0.3
	- openpartiesandclaims 0.22.0
	- owo 0.11.2+1.20
	- oxidized 1.8.2
	- packanalytics 1.0.3
	- packetfixer 1.2.1
	- paladins 1.3.1+1.20.1
	   \-- com_github_zsoltmolnarrr_tinyconfig 2.3.2
	- patchouli 1.20.1-84-FABRIC
	   \-- fiber 0.23.0-2
	- pehkui 3.7.11+1.14.4-1.20.2
	   \-- kanos_config 0.4.1+1.14.4-1.19.4
	- philipsruins 1.20.1
	- pigpen 15.0.2
	- ping-wheel 1.7.0
	- player-animator 1.0.2-rc1+1.20
	- polyeng 0.1.0-1.20.1
	- polymorph 0.49.1+1.20.1
	- powah 5.0.5
	- projectile_damage 3.2.2+1.20.1
	- promenade 4.1.1
	   \-- biolith 1.0.0-alpha.8
	        \-- terraform-surfaces-api-v1 7.0.1
	- prominent 3.0.0
	- prominent_ost 1.0.0
	- prominent_talents 2.6.0
	- prominent_ui 1.0.0
	- protbalancer 1.2.0
	- puffish_attributes 0.4.0
	- puffish_skills 0.12.2
	- puzzleslib 8.1.9
	   \-- puzzlesaccessapi 8.0.7
	- quartzelv 2.2.5+1.20
	- railways 1.6.4+fabric-mc1.20.1
	   \-- mm 2.3
	- ranged_weapon_api 1.1.3+1.20.1
	- rare-ice 0.6.0
	- reacharound 1.1.2
	- rebalance 1.2.0
	- reborncore 5.8.7
	   \-- team_reborn_energy 3.0.0
	- recipeessentials 1.20.1-3.1
	- redirector 1.20.1-4.4.0
	- regions_unexplored 0.5.6+1.20.1
	- resistance_balancer 1.0.0
	- resourcefulconfig 2.1.2
	- resourcefullib 2.1.29
	   |-- com_teamresourceful_bytecodecs 1.0.2
	   \-- com_teamresourceful_yabn 1.0.3
	- revelationary 1.3.5+1.20.1
	- riverredux 0.3.1
	- rogues 1.1.0+1.20.1
	   \-- com_github_zsoltmolnarrr_tinyconfig 2.3.2
	- runelic 18.0.2
	- runes 0.9.13+1.20.1
	- satisfying_buttons 1.1.2
	- sbprom 1.0.6
	   |-- cardinal-components-base 5.2.2
	   |-- cardinal-components-entity 5.2.2
	   \-- com_github_zsoltmolnarrr_tinyconfig 2.3.2
	- seasons 2.3+1.20
	- seasonscroptopiacompat 1.0-2.2.2
	- seasonsdelightcompat 1.0-1.3.9
	- seasonsextras 1.2-BETA+1.20
	- serverbrowser 1.1.2
	- shield_api 1.0.1+1.20.1
	- shield_overhaul 1.0.3
	- simply_houses 1.1.4-1.20.1
	- simplyskills 1.7.1+1.20.1
	- simplyswords 1.56.0-1.20.1
	   \-- spruceui 5.0.0+1.20
	- skinlayers3d 1.6.6
	- skyvillages 1.0.3.2-1.19.2-1.20.1
	- smallships 2.0.0-a2.3.3
	- smoothchunk 1.20.1-3.5
	- smwyg 1.1.1
	- snifferplus 0.2.0
	- soulsweapons 1.1.5-1.20.1-fabric
	- spark 1.10.53
	- spell-engine-openpac-compat 1.0.0
	- spell_engine 0.15.11+1.20.1
	   \-- com_github_zsoltmolnarrr_tinyconfig 2.3.2
	- spell_power 0.12.0+1.20.1
	   \-- com_github_zsoltmolnarrr_tinyconfig 2.3.2
	- spellbladenext 1.21.3+1.20.1
	   |-- cardinal-components-base 5.2.2
	   |-- cardinal-components-entity 5.2.2
	   \-- com_github_zsoltmolnarrr_tinyconfig 2.3.2
	- stackdeobfuscator 1.4.1+03a1fe4
	   |-- dev_booky_common_ 1.4.1+03a1fe4
	   \-- net_fabricmc_mapping-io 0.3.0
	- starterkit 5.3
	- stoneworks 8.0.0
	- structure_pool_api 1.0+1.20.1
	- structureessentials 1.20.1-3.2
	- supplementaries 1.20-2.8.17
	- swampier_swamps 1.20-4.0.0
	- t_and_t 1.11.1
	- tclayer 3.8.1+beta.14
	   |-- cardinal-components-base 5.2.2
	   \-- cardinal-components-entity 5.2.2
	- techreborn 5.8.7
	   \-- team_reborn_energy 3.0.0
	- terrablender 3.0.1.6
	- thaumon 2.2.0+1.20.1
	- the_bumblezone 7.4.12+1.20.1-fabric
	   \-- noindium 1.1.0+1.20
	- thermoo 2.3.2
	   |-- cardinal-components-base 5.2.2
	   \-- cardinal-components-entity 5.2.2
	- thiccpackets 1.17-1.19+
	- things 0.3.3+1.20
	   \-- lavender 0.1.0-pre.18+1.20
	        |-- lavender-md 0.1.0-pre.3+1.20
	        \-- lavender-md-owo-ui 0.1.0-pre.3+1.20
	- tiered 1.2.0
	   |-- autotag 2.0.2+1.20
	   \-- reach-entity-attributes 2.4.0
	- tinyskeletons 8.0.1
	- tlc 1.0.1
	- toms_storage 1.6.5
	- toofast 1.2.0
	- tradingpost 8.0.2
	- transmog 1.3.0+1.20
	- transparent 8.0.1+1.20.1
	- travelersbackpack fabric-1.20.1-9.1.15
	   \-- reach-entity-attributes 2.4.0
	- treechop 0.18.3
	- twigs 3.1.0
	- txnilib 1.0.2
	- unsafe-world-random-access-detector 1.1.0
	- veinmining 1.3.1+1.20.1
	   \-- spectrelib 0.13.15+1.20.1
	- villagernames 7.0
	- villagersplus 2.1
	- vinery 1.4.11
	- visualworkbench 8.0.0
	- wands 2.6.9-release
	- watut 1.20.1-1.0.12
	- windchimes 1.2.4+1.20
	- winterly 0.9.3+1.20
	- wither_spawn_fix MC1.20.1-1.0.0
	- wizards 1.3.0+1.20.1
	   \-- com_github_zsoltmolnarrr_tinyconfig 2.3.2
	- xaerominimap 23.9.3
	- xaeroworldmap 1.37.8
	- yet_another_config_lib_v3 3.2.1+1.20
	   |-- com_twelvemonkeys_common_common-image 3.10.0-SNAPSHOT
	   |-- com_twelvemonkeys_common_common-io 3.10.0-SNAPSHOT
	   |-- com_twelvemonkeys_common_common-lang 3.10.0-SNAPSHOT
	   |-- com_twelvemonkeys_imageio_imageio-core 3.10.0-SNAPSHOT
	   |-- com_twelvemonkeys_imageio_imageio-metadata 3.10.0-SNAPSHOT
	   |-- com_twelvemonkeys_imageio_imageio-webp 3.10.0-SNAPSHOT
	   |-- org_quiltmc_parsers_gson 0.2.1
	   \-- org_quiltmc_parsers_json 0.2.1
	- yigd 2.0.0-beta.13
	   |-- fabric-permissions-api-v0 0.2-SNAPSHOT
	   \-- libgui 8.1.1+1.20.1
	        |-- jankson 6.0.0+j1.2.3
	        \-- libninepatch 1.2.0
	- yosbr 0.1.2
	- ysns 2.0.2
	- yungsapi 1.20-Fabric-4.0.2
	   \-- org_javassist_javassist 3.29.2-GA
	- yungsbridges 1.20-Fabric-4.0.3
	- zenith 1.2.3-1.20.1
	   |-- mm 2.3
	   |-- porting_lib_base 2.3.4+1.20.1
	   |    |-- porting_lib_core 2.3.4+1.20.1
	   |    |-- porting_lib_fluids 2.3.4+1.20.1
	   |    |-- porting_lib_mixin_extensions 2.3.4+1.20.1
	   |    |-- porting_lib_transfer 2.3.4+1.20.1
	   |    \-- reach-entity-attributes 2.4.0
	   |-- porting_lib_loot 2.3.4+1.20.1
	   |    \-- porting_lib_core 2.3.4+1.20.1
	   |-- porting_lib_model_loader 2.3.4+1.20.1
	   |    \-- porting_lib_core 2.3.4+1.20.1
	   |-- porting_lib_model_materials 2.3.4+1.20.1
	   |    \-- porting_lib_core 2.3.4+1.20.1
	   |-- porting_lib_models 2.3.4+1.20.1
	   |    |-- porting_lib_core 2.3.4+1.20.1
	   |    |-- porting_lib_fluids 2.3.4+1.20.1
	   |    \-- porting_lib_transfer 2.3.4+1.20.1
	   |-- porting_lib_tool_actions 2.3.4+1.20.1
	   |    \-- porting_lib_core 2.3.4+1.20.1
	   \-- porting_lib_utility 2.3.4+1.20.1
	        \-- porting_lib_core 2.3.4+1.20.1
	- zenith_attributes 0.2.7
	   |-- additionalentityattributes 1.7.3+1.20.0
	   |-- cardinal-components-base 5.2.2
	   |-- cardinal-components-entity 5.2.2
	   |-- playerabilitylib 1.8.0
	   |-- porting_lib_attributes 2.3.4+1.20.1
	   |    |-- porting_lib_core 2.3.4+1.20.1
	   |    \-- reach-entity-attributes 2.4.0
	   |-- porting_lib_common 2.3.4+1.20.1
	   |    \-- porting_lib_core 2.3.4+1.20.1
	   |-- porting_lib_entity 2.3.4+1.20.1
	   |    |-- porting_lib_core 2.3.4+1.20.1
	   |    \-- porting_lib_mixin_extensions 2.3.4+1.20.1
	   |-- porting_lib_extensions 2.3.4+1.20.1
	   |    |-- porting_lib_core 2.3.4+1.20.1
	   |    \-- reach-entity-attributes 2.4.0
	   \-- reach-entity-attributes 2.4.0
[20:48:06] [main/INFO]: Applying default options... (YOSBR)
[20:48:07] [main/INFO]: SpongePowered MIXIN Subsystem Version=0.8.7 Source=file:/workspaces/afvs/servidor_minecraft/libraries/net/fabricmc/sponge-mixin/0.15.2+mixin.0.8.7/sponge-mixin-0.15.2+mixin.0.8.7.jar Service=Knot/Fabric Env=SERVER
[20:48:07] [main/INFO]: Compatibility level set to JAVA_17
[20:48:08] [main/WARN]: Reference map 'aaa_particles-fabric-refmap.json' for aaa_particles.mixins.json could not be read. If this is a development environment you can ignore this message
[20:48:08] [main/WARN]: Reference map 'letsdo-beachparty-fabric-fabric-refmap.json' for beachparty.mixins.json could not be read. If this is a development environment you can ignore this message
[20:48:08] [main/INFO]: Preloading Debugify
[20:48:08] [main/WARN]: Reference map 'dummmmmmy-fabric-refmap.json' for dummmmmmy.mixins.json could not be read. If this is a development environment you can ignore this message
[20:48:08] [main/INFO]: File exists, reading config for elocindev.item_obliterator.fabric_quilt.config.ConfigEntries.
[20:48:08] [main/INFO]: Config for elocindev.item_obliterator.fabric_quilt.config.ConfigEntries read successfully.
[20:48:08] [main/WARN]: Reference map 'justhammers-common-refmap.json' for justhammers-common.mixins.json could not be read. If this is a development environment you can ignore this message
[20:48:08] [main/INFO]: Loaded configuration file for Lithium: 115 options available, 4 override(s) found
[20:48:08] [main/WARN]: Reference map 'lmft-fabric-refmap.json' for lmft.mixins.json could not be read. If this is a development environment you can ignore this message
[20:48:08] [main/WARN]: Reference map 'mobhealthbar-fabric-1.20.x-refmap.json' for mobhealthbar.mixins.json could not be read. If this is a development environment you can ignore this message
[20:48:09] [main/INFO]: Loaded configuration file for ModernFix 5.11.0+mc1.20.1: 52 options available, 3 override(s) found
[20:48:09] [main/WARN]: Option 'mixin.perf.faster_item_rendering' overriden (by user configuration) to 'true'
[20:48:09] [main/WARN]: Option 'mixin.perf.dynamic_resources' overriden (by user configuration) to 'true'
[20:48:09] [main/WARN]: Option 'mixin.perf.blast_search_trees' overriden (by user configuration) to 'false'
[20:48:09] [main/INFO]: Applying Nashorn fix
[20:48:09] [main/WARN]: Reference map 'mythic-mounts-refmap.json' for mythic-mounts.mixins.json could not be read. If this is a development environment you can ignore this message
[20:48:09] [main/WARN]: Reference map 'nerb-fabric-refmap.json' for nerb.mixins.json could not be read. If this is a development environment you can ignore this message
[20:48:09] [main/WARN]: Reference map 'oceansdelight-refmap.json' for oceansdelight.mixins.json could not be read. If this is a development environment you can ignore this message
[20:48:09] [main/WARN]: Reference map 'philipsruins-refmap.json' for philipsruins.mixins.json could not be read. If this is a development environment you can ignore this message
[20:48:09] [main/WARN]: Reference map 'simplyswords-fabric-refmap.json' for simplyswords.mixins.json could not be read. If this is a development environment you can ignore this message
[20:48:09] [main/WARN]: Reference map 'thaumon-fabric-refmap.json' for thaumon-fabric.mixins.json could not be read. If this is a development environment you can ignore this message
[20:48:09] [main/WARN]: Reference map 'thaumon-common-refmap.json' for thaumon-common.mixins.json could not be read. If this is a development environment you can ignore this message
[20:48:10] [main/WARN]: Error loading class: net/minecraft/class_906 (java.lang.ClassNotFoundException: net/minecraft/class_906)
[20:48:10] [main/WARN]: @Mixin target net.minecraft.class_906 was not found porting_lib_tool_actions.mixins.json:FishingHookRendererMixin from mod porting_lib_tool_actions
[20:48:10] [main/WARN]: Error loading class: net/minecraft/class_761 (java.lang.ClassNotFoundException: net/minecraft/class_761)
[20:48:10] [main/WARN]: @Mixin target net.minecraft.class_761 was not found accessories-common.mixins.json:LevelRendererAccessor from mod accessories
[20:48:10] [main/INFO]: Loaded config for: betterchunkloading.json
[20:48:11] [main/WARN]: Error loading class: io/github/apace100/apoli/power/factory/condition/ConditionFactory (java.lang.ClassNotFoundException: io/github/apace100/apoli/power/factory/condition/ConditionFactory)
[20:48:11] [main/WARN]: Error loading class: link/infra/indium/renderer/helper/GeometryHelper (java.lang.ClassNotFoundException: link/infra/indium/renderer/helper/GeometryHelper)
[20:48:11] [main/WARN]: Error loading class: ca/fxco/moreculling/config/MoreCullingConfig (java.lang.ClassNotFoundException: ca/fxco/moreculling/config/MoreCullingConfig)
[20:48:11] [main/WARN]: Error loading class: net/fabricmc/fabric/impl/client/indigo/renderer/helper/GeometryHelper (java.lang.ClassNotFoundException: net/fabricmc/fabric/impl/client/indigo/renderer/helper/GeometryHelper)
[20:48:11] [main/WARN]: Error loading class: com/firemerald/additionalplacements/common/ConfigCommon (java.lang.ClassNotFoundException: com/firemerald/additionalplacements/common/ConfigCommon)
[20:48:11] [main/WARN]: Error loading class: com/firemerald/additionalplacements/block/AdditionalPlacementBlock (java.lang.ClassNotFoundException: com/firemerald/additionalplacements/block/AdditionalPlacementBlock)
[20:48:11] [main/WARN]: @Mixin target com.firemerald.additionalplacements.block.AdditionalPlacementBlock was not found copycats-common.mixins.json:compat.additionalplacements.PlacementBlockMixin from mod copycats
[20:48:11] [main/WARN]: Error loading class: me/jellysquid/mods/lithium/common/ai/pathing/PathNodeDefaults (java.lang.ClassNotFoundException: me/jellysquid/mods/lithium/common/ai/pathing/PathNodeDefaults)
[20:48:11] [main/WARN]: Error loading class: me/jellysquid/mods/sodium/client/render/chunk/compile/pipeline/BlockOcclusionCache (java.lang.ClassNotFoundException: me/jellysquid/mods/sodium/client/render/chunk/compile/pipeline/BlockOcclusionCache)
[20:48:11] [main/WARN]: Error loading class: me/jellysquid/mods/sodium/client/render/chunk/compile/pipeline/BlockRenderer (java.lang.ClassNotFoundException: me/jellysquid/mods/sodium/client/render/chunk/compile/pipeline/BlockRenderer)
[20:48:11] [main/WARN]: Error loading class: net/minecraft/class_293 (java.lang.ClassNotFoundException: net/minecraft/class_293)
[20:48:11] [main/WARN]: @Mixin target net.minecraft.class_293 was not found creativecore.fabric.mixins.json:VertexFormatMixin from mod creativecore
[20:48:11] [main/INFO]: Loading Faster Random.
[20:48:12] [main/WARN]: Error loading class: net/minecraft/class_632 (java.lang.ClassNotFoundException: net/minecraft/class_632)
[20:48:12] [main/WARN]: @Mixin target net.minecraft.class_632 was not found lavender.mixins.json:ClientAdvancementManagerAccessor from mod lavender
[20:48:12] [main/WARN]: Force-disabling mixin 'ai.nearby_entity_tracking.EntityMixin' as rule 'mixin.ai.nearby_entity_tracking' (added by user configuration) disables it and children
[20:48:12] [main/WARN]: Force-disabling mixin 'ai.nearby_entity_tracking.EntityTrackingSectionMixin' as rule 'mixin.ai.nearby_entity_tracking' (added by user configuration) disables it and children
[20:48:12] [main/WARN]: Force-disabling mixin 'ai.nearby_entity_tracking.ServerEntityManagerAccessor' as rule 'mixin.ai.nearby_entity_tracking' (added by user configuration) disables it and children
[20:48:12] [main/WARN]: Force-disabling mixin 'ai.nearby_entity_tracking.ServerEntityManagerListenerMixin' as rule 'mixin.ai.nearby_entity_tracking' (added by user configuration) disables it and children
[20:48:12] [main/WARN]: Force-disabling mixin 'ai.nearby_entity_tracking.ServerEntityManagerMixin' as rule 'mixin.ai.nearby_entity_tracking' (added by user configuration) disables it and children
[20:48:12] [main/WARN]: Force-disabling mixin 'ai.nearby_entity_tracking.ServerWorldAccessor' as rule 'mixin.ai.nearby_entity_tracking' (added by user configuration) disables it and children
[20:48:12] [main/WARN]: Force-disabling mixin 'ai.nearby_entity_tracking.goals.FleeEntityGoalMixin' as rule 'mixin.ai.nearby_entity_tracking' (added by user configuration) disables it and children
[20:48:12] [main/WARN]: Force-disabling mixin 'ai.nearby_entity_tracking.goals.LookAtEntityGoalMixin' as rule 'mixin.ai.nearby_entity_tracking' (added by user configuration) disables it and children
[20:48:12] [main/WARN]: Force-disabling mixin 'alloc.blockstate.StateMixin' as rule 'mixin.alloc.blockstate' (added by mods [ferritecore]) disables it and children
[20:48:12] [main/WARN]: Force-disabling mixin 'world.player_chunk_tick.ThreadedAnvilChunkStorageMixin' as rule 'mixin.world.player_chunk_tick' (added by mods [krypton]) disables it and children
[20:48:12] [main/WARN]: Error loading class: net/minecraft/class_436 (java.lang.ClassNotFoundException: net/minecraft/class_436)
[20:48:12] [main/WARN]: @Mixin target net.minecraft.class_436 was not found luna.mixins.json:LANMixin from mod luna
[20:48:12] [main/WARN]: Error loading class: net/minecraft/class_337$1 (java.lang.ClassNotFoundException: net/minecraft/class_337$1)
[20:48:12] [main/WARN]: @Mixin target net/minecraft/class_337$1 was not found minecells.mixins.json:client.hud.BossBarUpdaterMixin from mod minecells
[20:48:12] [main/WARN]: Error loading class: net/minecraft/class_806 (java.lang.ClassNotFoundException: net/minecraft/class_806)
[20:48:12] [main/WARN]: @Mixin target net.minecraft.class_806 was not found modernfix-fabric.mixins.json:perf.dynamic_resources.ItemOverridesFabricMixin from mod modernfix
[20:48:12] [main/WARN]: Error loading class: net/minecraft/class_1088$class_7778 (java.lang.ClassNotFoundException: net/minecraft/class_1088$class_7778)
[20:48:12] [main/WARN]: @Mixin target net.minecraft.class_1088$class_7778 was not found modernfix-fabric.mixins.json:perf.dynamic_resources.ModelBakerImplMixin from mod modernfix
[20:48:12] [main/WARN]: Error loading class: net/minecraft/class_918 (java.lang.ClassNotFoundException: net/minecraft/class_918)
[20:48:12] [main/WARN]: @Mixin target net.minecraft.class_918 was not found modernfix-common.mixins.json:perf.faster_item_rendering.ItemRendererMixin from mod modernfix
[20:48:12] [main/WARN]: Error loading class: net/minecraft/class_757 (java.lang.ClassNotFoundException: net/minecraft/class_757)
[20:48:12] [main/WARN]: @Mixin target net.minecraft.class_757 was not found modernfix-common.mixins.json:perf.faster_item_rendering.GameRendererMixin from mod modernfix
[20:48:12] [main/WARN]: Error loading class: net/minecraft/class_763 (java.lang.ClassNotFoundException: net/minecraft/class_763)
[20:48:12] [main/WARN]: @Mixin target net.minecraft.class_763 was not found modernfix-common.mixins.json:perf.dynamic_resources.ItemModelShaperMixin from mod modernfix
[20:48:12] [main/WARN]: Error loading class: net/minecraft/class_806 (java.lang.ClassNotFoundException: net/minecraft/class_806)
[20:48:12] [main/WARN]: @Mixin target net.minecraft.class_806 was not found modernfix-common.mixins.json:perf.dynamic_resources.ItemOverridesMixin from mod modernfix
[20:48:12] [main/WARN]: Error loading class: net/minecraft/class_1092 (java.lang.ClassNotFoundException: net/minecraft/class_1092)
[20:48:12] [main/WARN]: @Mixin target net.minecraft.class_1092 was not found modernfix-common.mixins.json:perf.dynamic_resources.ModelManagerMixin from mod modernfix
[20:48:12] [main/WARN]: Error loading class: fr/catcore/server/translations/api/resource/language/SystemDelegatedLanguage (java.lang.ClassNotFoundException: fr/catcore/server/translations/api/resource/language/SystemDelegatedLanguage)
[20:48:12] [main/WARN]: For can't fit X into 3 error fix. Delete Krypton.
[20:48:12] [main/WARN]: For can't fit X into 3 error fix. Delete Krypton.
[20:48:12] [main/WARN]: Error loading class: draylar/magna/api/reach/ReachDistanceHelper (java.lang.ClassNotFoundException: draylar/magna/api/reach/ReachDistanceHelper)
[20:48:13] [main/INFO]: Loaded config for: recipeessentials.json
[20:48:13] [main/WARN]: Error loading class: net/minecraft/class_5616 (java.lang.ClassNotFoundException: net/minecraft/class_5616)
[20:48:13] [main/WARN]: @Mixin target net.minecraft.class_5616 was not found registrate-fabric.mixins.json:accessor.BlockEntityRenderersAccessor from mod registrate-fabric
[20:48:13] [main/WARN]: Error loading class: com/nhoryzon/mc/farmersdelight/block/BuddingBushBlock (java.lang.ClassNotFoundException: com/nhoryzon/mc/farmersdelight/block/BuddingBushBlock)
[20:48:13] [main/WARN]: @Mixin target com.nhoryzon.mc.farmersdelight.block.BuddingBushBlock was not found seasonsdelightcompat.mixins.json:BuddingBushBlockMixin from mod seasonsdelightcompat
[20:48:13] [main/WARN]: Error loading class: com/nhoryzon/mc/farmersdelight/block/BuddingTomatoBlock (java.lang.ClassNotFoundException: com/nhoryzon/mc/farmersdelight/block/BuddingTomatoBlock)
[20:48:13] [main/WARN]: @Mixin target com.nhoryzon.mc.farmersdelight.block.BuddingTomatoBlock was not found seasonsdelightcompat.mixins.json:BuddingTomatoBlockMixin from mod seasonsdelightcompat
[20:48:13] [main/WARN]: Error loading class: com/nhoryzon/mc/farmersdelight/block/MushroomColonyBlock (java.lang.ClassNotFoundException: com/nhoryzon/mc/farmersdelight/block/MushroomColonyBlock)
[20:48:13] [main/WARN]: @Mixin target com.nhoryzon.mc.farmersdelight.block.MushroomColonyBlock was not found seasonsdelightcompat.mixins.json:MushroomColonyBlockMixin from mod seasonsdelightcompat
[20:48:13] [main/WARN]: Error loading class: com/nhoryzon/mc/farmersdelight/block/RiceCropBlock (java.lang.ClassNotFoundException: com/nhoryzon/mc/farmersdelight/block/RiceCropBlock)
[20:48:13] [main/WARN]: @Mixin target com.nhoryzon.mc.farmersdelight.block.RiceCropBlock was not found seasonsdelightcompat.mixins.json:RiceCropBlockMixin from mod seasonsdelightcompat
[20:48:13] [main/WARN]: Error loading class: com/nhoryzon/mc/farmersdelight/block/TomatoVineBlock (java.lang.ClassNotFoundException: com/nhoryzon/mc/farmersdelight/block/TomatoVineBlock)
[20:48:13] [main/WARN]: @Mixin target com.nhoryzon.mc.farmersdelight.block.TomatoVineBlock was not found seasonsdelightcompat.mixins.json:TomatoVineBlockMixin from mod seasonsdelightcompat
[20:48:13] [main/WARN]: Error loading class: net/minecraft/class_4267 (java.lang.ClassNotFoundException: net/minecraft/class_4267)
[20:48:13] [main/WARN]: @Mixin target net.minecraft.class_4267 was not found serverbrowser.mixins.json:ServerSelectionMixin from mod serverbrowser
[20:48:13] [main/WARN]: Error loading class: net/minecraft/class_758 (java.lang.ClassNotFoundException: net/minecraft/class_758)
[20:48:13] [main/WARN]: @Mixin target net.minecraft.class_758 was not found shield_overhaul.mixins.json:BackgroundRendererMixin from mod shield_overhaul
[20:48:13] [main/WARN]: Error loading class: net/minecraft/class_742 (java.lang.ClassNotFoundException: net/minecraft/class_742)
[20:48:13] [main/WARN]: @Mixin target net.minecraft.class_742 was not found shield_overhaul.mixins.json:ClientPlayerEntityMixin from mod shield_overhaul
[20:48:13] [main/INFO]: Loaded config for: structureessentials.json
[20:48:13] [main/WARN]: Error loading class: com/ishland/c2me/fixes/worldgen/threading_issues/common/CheckedThreadLocalRandom (java.lang.ClassNotFoundException: com/ishland/c2me/fixes/worldgen/threading_issues/common/CheckedThreadLocalRandom)
[20:48:13] [main/WARN]: Error loading class: com/beansgalaxy/backpacks/compat/TrinketsRegistry$1 (java.lang.ClassNotFoundException: com/beansgalaxy/backpacks/compat/TrinketsRegistry$1)
[20:48:13] [main/WARN]: Error loading class: net/minecraft/class_465 (java.lang.ClassNotFoundException: net/minecraft/class_465)
[20:48:13] [main/WARN]: @Mixin target net.minecraft.class_465 was not found zenith.mixins.json:AbstractContainerScreenAccessor from mod zenith
[20:48:13] [main/WARN]: Error loading class: net/minecraft/class_332 (java.lang.ClassNotFoundException: net/minecraft/class_332)
[20:48:13] [main/WARN]: @Mixin target net.minecraft.class_332 was not found zenith.mixins.json:GuiGraphicsAccessor from mod zenith
[20:48:13] [main/WARN]: Error loading class: net/minecraft/class_8002 (java.lang.ClassNotFoundException: net/minecraft/class_8002)
[20:48:13] [main/WARN]: @Mixin target net.minecraft.class_8002 was not found zenith.mixins.json:TooltipRenderUtilAccessor from mod zenith
[20:48:13] [main/INFO]: [MemoryLeakFix] Will be applying 1 memory leak fixes!
[20:48:13] [main/INFO]: [MemoryLeakFix] Currently enabled memory leak fixes: [biomeTemperatureLeak]
[20:48:14] [main/WARN]: Error loading class: com/firemerald/additionalplacements/block/AdditionalPlacementBlock (java.lang.ClassNotFoundException: com/firemerald/additionalplacements/block/AdditionalPlacementBlock)
[20:48:14] [main/WARN]: Error loading class: com/firemerald/additionalplacements/block/AdditionalPlacementBlock (java.lang.ClassNotFoundException: com/firemerald/additionalplacements/block/AdditionalPlacementBlock)
[20:48:14] [main/WARN]: Error loading class: org/jetbrains/annotations/ApiStatus$Internal (java.lang.ClassNotFoundException: org/jetbrains/annotations/ApiStatus$Internal)
[20:48:14] [main/WARN]: Error loading class: net/minecraft/class_314 (java.lang.ClassNotFoundException: net/minecraft/class_314)
[20:48:14] [main/WARN]: @Mixin target net.minecraft.class_314 was not found mixins.mm.json:net.minecraft.class_314 from mod mm
[20:48:14] [main/INFO]: Loaded local config
[20:48:14] [main/INFO]: Loaded server config
[20:48:15] [main/INFO]: Initializing MixinExtras via com.llamalad7.mixinextras.service.MixinExtrasServiceImpl(version=0.4.1).
[20:48:18] [main/WARN]: @ModifyVariable(@At("INVOKE")) Shift.BY=2 on accessories-fabric.mixins.json:LivingEntityMixin from mod accessories::localvar$zfa000$accessories$adjustLooting exceeds the maximum allowed value: 0. Increase the value of maxShiftBy to suppress this warning.
[20:48:18] [main/WARN]: @Inject(@At("INVOKE")) Shift.BY=2 on porting_lib_entity.mixins.json:common.LivingEntityMixin from mod porting_lib_entity::handler$gkn000$porting_lib_entity$port_lib$onFinishUsing exceeds the maximum allowed value: 0. Increase the value of maxShiftBy to suppress this warning.
[20:48:19] [main/WARN]: Method overwrite conflict for getContainerCounter in porting_lib_accessors.mixins.json:common.accessor.ServerPlayerAccessor from mod porting_lib_accessors, previously written by com.helliongames.snifferplus.mixin.MixinServerPlayer. Skipping method.
[20:48:19] [main/WARN]: Method overwrite conflict for getContainerCounter in moonlight.mixins.json:ServerPlayerAccessor from mod moonlight, previously written by com.helliongames.snifferplus.mixin.MixinServerPlayer. Skipping method.
[20:48:19] [main/INFO]: Loaded default config values from file at path ./defaultconfigs/veinmining-server.toml
[20:48:19] [main/INFO]: Loaded default config values from file at path ./defaultconfigs/comforts-server.toml
[20:48:20] [main/INFO]: Mixing common.MixinFriendlyByteBuf from mixins/common/nochatreports.mixins.json into net.minecraft.class_2540
[20:48:20] [main/INFO]: Renaming synthetic method lambda$onWriteJsonWithCodec$1(Ljava/lang/Object;Ljava/lang/String;)Lio/netty/handler/codec/EncoderException; to md6b936f$nochatreports$lambda$onWriteJsonWithCodec$1$0 in mixins/common/nochatreports.mixins.json:common.MixinFriendlyByteBuf from mod nochatreports
[20:48:20] [main/INFO]: Renaming synthetic method lambda$onReadJsonWithCodec$0(Ljava/lang/String;)Lio/netty/handler/codec/DecoderException; to md6b936f$nochatreports$lambda$onReadJsonWithCodec$0$1 in mixins/common/nochatreports.mixins.json:common.MixinFriendlyByteBuf from mod nochatreports
[20:48:21] [main/INFO]: Injecting BlockStateBase cache population hook into getNeighborPathNodeType from me.jellysquid.mods.lithium.mixin.ai.pathing.AbstractBlockStateMixin
[20:48:21] [main/INFO]: Injecting BlockStateBase cache population hook into getPathNodeType from me.jellysquid.mods.lithium.mixin.ai.pathing.AbstractBlockStateMixin
[20:48:21] [main/INFO]: Injecting BlockStateBase cache population hook into getAllFlags from me.jellysquid.mods.lithium.mixin.util.block_tracking.AbstractBlockStateMixin
[20:48:22] [main/WARN]: @Redirect conflict. Skipping redirector.mixins.json:net.minecraft.world.level.block.piston.PistonBaseBlockMixin from mod redirector->@Redirect::redirectDirections()[Lnet/minecraft/class_2350; with priority 10, already redirected by lithium.mixins.json:alloc.enum_values.piston_block.PistonBlockMixin from mod lithium->@Redirect::removeAllocation()[Lnet/minecraft/class_2350; with priority 1000
[20:48:22] [main/WARN]: @Redirect conflict. Skipping redirector.mixins.json:net.minecraft.world.level.block.piston.PistonBaseBlockMixin from mod redirector->@Redirect::redirectDirections()[Lnet/minecraft/class_2350; with priority 10, already redirected by lithium.mixins.json:alloc.enum_values.piston_block.PistonBlockMixin from mod lithium->@Redirect::removeAllocation()[Lnet/minecraft/class_2350; with priority 1000
[20:48:22] [main/WARN]: Error loading class: com/firemerald/additionalplacements/block/AdditionalPlacementBlock (java.lang.ClassNotFoundException: com/firemerald/additionalplacements/block/AdditionalPlacementBlock)
[20:48:22] [main/WARN]: @Redirect conflict. Skipping redirector.mixins.json:net.minecraft.world.level.block.RedStoneWireBlockMixin from mod redirector->@Redirect::redirectDirections()[Lnet/minecraft/class_2350; with priority 10, already redirected by lithium.mixins.json:alloc.enum_values.redstone_wire.RedstoneWireBlockMixin from mod lithium->@Redirect::removeAllocation1()[Lnet/minecraft/class_2350; with priority 1000
[20:48:22] [main/WARN]: @Redirect conflict. Skipping redirector.mixins.json:net.minecraft.world.level.block.RedStoneWireBlockMixin from mod redirector->@Redirect::redirectDirections()[Lnet/minecraft/class_2350; with priority 10, already redirected by lithium.mixins.json:alloc.enum_values.redstone_wire.RedstoneWireBlockMixin from mod lithium->@Redirect::removeAllocation2()[Lnet/minecraft/class_2350; with priority 1000
[20:48:22] [main/WARN]: Error loading class: com/firemerald/additionalplacements/block/AdditionalPlacementBlock (java.lang.ClassNotFoundException: com/firemerald/additionalplacements/block/AdditionalPlacementBlock)
[20:48:22] [main/WARN]: Error loading class: com/firemerald/additionalplacements/block/AdditionalPlacementBlock (java.lang.ClassNotFoundException: com/firemerald/additionalplacements/block/AdditionalPlacementBlock)
[20:48:22] [main/WARN]: Error loading class: com/firemerald/additionalplacements/block/AdditionalPlacementBlock (java.lang.ClassNotFoundException: com/firemerald/additionalplacements/block/AdditionalPlacementBlock)
[20:48:22] [main/WARN]: Error loading class: com/firemerald/additionalplacements/block/AdditionalPlacementBlock (java.lang.ClassNotFoundException: com/firemerald/additionalplacements/block/AdditionalPlacementBlock)
[20:48:24] [main/INFO]: Instancing error handler class dev.isxander.debugify.mixinplugin.DebugifyErrorHandler
[20:48:24] [main/WARN]: Mixin apply for mod necronomicon failed necronomicon-common.mixins.json:item.AnimatedItemNameMixin from mod necronomicon -> net.minecraft.class_1799: org.spongepowered.asm.mixin.injection.throwables.InvalidInjectionException Critical injection failure: @Inject annotation on getName could not find any targets matching 'getHoverName' in net/minecraft/class_1799. No refMap loaded. [handler$fko003$necronomicon$getName(Lorg/spongepowered/asm/mixin/injection/callback/CallbackInfoReturnable;)V -> Parse ->  -> Validate Targets]
org.spongepowered.asm.mixin.injection.throwables.InvalidInjectionException: Critical injection failure: @Inject annotation on getName could not find any targets matching 'getHoverName' in net/minecraft/class_1799. No refMap loaded. [handler$fko003$necronomicon$getName(Lorg/spongepowered/asm/mixin/injection/callback/CallbackInfoReturnable;)V -> Parse ->  -> Validate Targets]
	at org.spongepowered.asm.mixin.injection.selectors.TargetSelectors.validate(TargetSelectors.java:346) ~[sponge-mixin-0.15.2+mixin.0.8.7.jar:0.15.2+mixin.0.8.7]
	at org.spongepowered.asm.mixin.injection.struct.InjectionInfo.readAnnotation(InjectionInfo.java:369) ~[sponge-mixin-0.15.2+mixin.0.8.7.jar:0.15.2+mixin.0.8.7]
	at org.spongepowered.asm.mixin.injection.struct.InjectionInfo.<init>(InjectionInfo.java:340) ~[sponge-mixin-0.15.2+mixin.0.8.7.jar:0.15.2+mixin.0.8.7]
	at org.spongepowered.asm.mixin.injection.struct.InjectionInfo.<init>(InjectionInfo.java:331) ~[sponge-mixin-0.15.2+mixin.0.8.7.jar:0.15.2+mixin.0.8.7]
	at org.spongepowered.asm.mixin.injection.struct.CallbackInjectionInfo.<init>(CallbackInjectionInfo.java:48) ~[sponge-mixin-0.15.2+mixin.0.8.7.jar:0.15.2+mixin.0.8.7]
	at jdk.internal.reflect.GeneratedConstructorAccessor24.newInstance(Unknown Source) ~[?:?]
	at jdk.internal.reflect.DelegatingConstructorAccessorImpl.newInstance(DelegatingConstructorAccessorImpl.java:45) ~[?:?]
	at java.lang.reflect.Constructor.newInstanceWithCaller(Constructor.java:500) ~[?:?]
	at java.lang.reflect.Constructor.newInstance(Constructor.java:481) ~[?:?]
	at org.spongepowered.asm.mixin.injection.struct.InjectionInfo$InjectorEntry.create(InjectionInfo.java:196) ~[sponge-mixin-0.15.2+mixin.0.8.7.jar:0.15.2+mixin.0.8.7]
	at org.spongepowered.asm.mixin.injection.struct.InjectionInfo.parse(InjectionInfo.java:664) ~[sponge-mixin-0.15.2+mixin.0.8.7.jar:0.15.2+mixin.0.8.7]
	at org.spongepowered.asm.mixin.transformer.MixinTargetContext.prepareInjections(MixinTargetContext.java:1399) ~[sponge-mixin-0.15.2+mixin.0.8.7.jar:0.15.2+mixin.0.8.7]
	at org.spongepowered.asm.mixin.transformer.MixinApplicatorStandard.prepareInjections(MixinApplicatorStandard.java:731) ~[sponge-mixin-0.15.2+mixin.0.8.7.jar:0.15.2+mixin.0.8.7]
	at org.spongepowered.asm.mixin.transformer.MixinApplicatorStandard.applyMixin(MixinApplicatorStandard.java:315) ~[sponge-mixin-0.15.2+mixin.0.8.7.jar:0.15.2+mixin.0.8.7]
	at org.spongepowered.asm.mixin.transformer.MixinApplicatorStandard.apply(MixinApplicatorStandard.java:246) ~[sponge-mixin-0.15.2+mixin.0.8.7.jar:0.15.2+mixin.0.8.7]
	at org.spongepowered.asm.mixin.transformer.TargetClassContext.apply(TargetClassContext.java:437) ~[sponge-mixin-0.15.2+mixin.0.8.7.jar:0.15.2+mixin.0.8.7]
	at org.spongepowered.asm.mixin.transformer.TargetClassContext.applyMixins(TargetClassContext.java:418) ~[sponge-mixin-0.15.2+mixin.0.8.7.jar:0.15.2+mixin.0.8.7]
	at org.spongepowered.asm.mixin.transformer.MixinProcessor.applyMixins(MixinProcessor.java:363) ~[sponge-mixin-0.15.2+mixin.0.8.7.jar:0.15.2+mixin.0.8.7]
	at org.spongepowered.asm.mixin.transformer.MixinTransformer.transformClass(MixinTransformer.java:234) ~[sponge-mixin-0.15.2+mixin.0.8.7.jar:0.15.2+mixin.0.8.7]
	at org.spongepowered.asm.mixin.transformer.MixinTransformer.transformClassBytes(MixinTransformer.java:202) ~[sponge-mixin-0.15.2+mixin.0.8.7.jar:0.15.2+mixin.0.8.7]
	at net.fabricmc.loader.impl.launch.knot.KnotClassDelegate.getPostMixinClassByteArray(KnotClassDelegate.java:422) ~[fabric-loader-0.16.3.jar:?]
	at net.fabricmc.loader.impl.launch.knot.KnotClassDelegate.tryLoadClass(KnotClassDelegate.java:323) ~[fabric-loader-0.16.3.jar:?]
	at net.fabricmc.loader.impl.launch.knot.KnotClassDelegate.loadClass(KnotClassDelegate.java:218) ~[fabric-loader-0.16.3.jar:?]
	at net.fabricmc.loader.impl.launch.knot.KnotClassLoader.loadClass(KnotClassLoader.java:119) ~[fabric-loader-0.16.3.jar:?]
	at java.lang.ClassLoader.loadClass(ClassLoader.java:525) ~[?:?]
	at net.minecraft.class_5620.method_32211(class_5620.java:39) ~[server-intermediary.jar:?]
	at net.minecraft.class_156.method_654(class_156.java:436) ~[server-intermediary.jar:?]
	at net.minecraft.class_5620.method_32206(class_5620.java:39) ~[server-intermediary.jar:?]
	at net.minecraft.class_5620.<clinit>(class_5620.java:33) ~[server-intermediary.jar:?]
	at net.minecraft.class_5546.<init>(class_5546.java:17) ~[server-intermediary.jar:?]
	at net.minecraft.class_2246.<clinit>(class_2246.java:477) ~[server-intermediary.jar:?]
	at net.minecraft.class_2358.method_10199(class_2358.java:326) ~[server-intermediary.jar:?]
	at net.minecraft.class_2966.method_12851(class_2966.java:54) ~[server-intermediary.jar:?]
	at net.minecraft.server.Main.main(Main.java:109) ~[server-intermediary.jar:?]
	at net.fabricmc.loader.impl.game.minecraft.MinecraftGameProvider.launch(MinecraftGameProvider.java:480) ~[fabric-loader-0.16.3.jar:?]
	at net.fabricmc.loader.impl.launch.knot.Knot.launch(Knot.java:74) ~[fabric-loader-0.16.3.jar:?]
	at net.fabricmc.loader.impl.launch.knot.KnotServer.main(KnotServer.java:23) ~[fabric-loader-0.16.3.jar:?]
	at net.fabricmc.loader.impl.launch.server.FabricServerLauncher.main(FabricServerLauncher.java:69) ~[fabric-loader-0.16.3.jar:?]
	at net.fabricmc.installer.ServerLauncher.main(ServerLauncher.java:69) ~[fabric-server-launch.jar:1.0.1]
[20:48:25] [main/WARN]: Method overwrite conflict for method_7844 in ranged_weapon_api.mixins.json:item.RangedWeaponItemMixin from mod ranged_weapon_api, previously written by net.projectile_damage.mixin.RangedWeaponItemMixin. Skipping method.
[20:48:25] [main/INFO]: friendsandfoes-common.mixins.json:BundleItemAccessor from mod friendsandfoes->@Invoker[METHOD_PROXY]::invokeAddToBundle(Lnet/minecraft/class_1799;Lnet/minecraft/class_1799;)I should be static as its target is
[20:48:28] [main/INFO]: Mixing server.MixinServerGamePacketListenerImpl from mixins/common/nochatreports.mixins.json into net.minecraft.class_3244
[20:48:28] [main/WARN]: @Inject(@At("INVOKE")) Shift.BY=2 on accessories-common.mixins.json:NbtCompoundMixin from mod accessories::handler$zfl000$accessories$adjustCheckForListVariants exceeds the maximum allowed value: 0. Increase the value of maxShiftBy to suppress this warning.
[20:48:28] [main/INFO]: [Kibe] Creating Trinket AbilityRing for minecraft:mayfly
[20:48:28] [main/INFO]: [Kibe] Creating Trinket AbilityRing for kibe:magma_ability
[20:48:28] [main/INFO]: [Kibe] Creating Trinket AbilityRing for kibe:water_ability
[20:48:29] [main/INFO]: [Kibe] Trying to read config file...
[20:48:29] [main/INFO]: [Kibe] A config file was found, loading it..
[20:48:29] [main/INFO]: [Kibe] Successfully loaded config file.
[20:48:30] [main/WARN]: Static binding violation: PRIVATE @Overwrite method method_21740 in modernfix-common.mixins.json:perf.remove_biome_temperature_cache.BiomeMixin from mod modernfix cannot reduce visibiliy of PUBLIC target method, visibility will be upgraded.
[20:48:30] [main/WARN]: Method overwrite conflict for method_21740 in modernfix-common.mixins.json:perf.remove_biome_temperature_cache.BiomeMixin from mod modernfix, previously written by me.jellysquid.mods.lithium.mixin.world.temperature_cache.BiomeMixin. Skipping method.
[20:48:33] [main/INFO]: Vanilla bootstrap took 12733 milliseconds
[20:48:33] [main/INFO]: [bclib] Added Config betternether.main to auto sync (file hash)
[20:48:33] [main/INFO]: [bclib] Added Config betternether.generator to auto sync (file hash)
[20:48:33] [main/INFO]: [bclib] Added Config betternether.blocks to auto sync (file hash)
[20:48:33] [main/INFO]: [bclib] Added Config betternether.items to auto sync (file hash)
[20:48:33] [main/INFO]: [bclib] Added Config betternether.biomes to auto sync (file hash)
[20:48:33] [main/INFO]: [bclib] Added Config betternether.mobs to auto sync (file hash)
[20:48:33] [main/INFO]: [bclib] Added Config betternether.recipes to auto sync (file hash)
[20:48:34] [main/WARN]: [bclib] Recipe betternether:bone_block_bone_button only takes in a single item and should be shapeless
[20:48:34] [main/ERROR]: Entity eldritch_end:ominous_eye has no attributes
[20:48:34] [main/ERROR]: Entity eldritch_end:aberration has no attributes
[20:48:34] [main/ERROR]: Entity eldritch_end:tentacle has no attributes
[20:48:34] [main/ERROR]: Entity eldritch_end:undead_tentacle has no attributes
[20:48:34] [main/ERROR]: Entity eldritch_end:dendler has no attributes
[20:48:34] [main/ERROR]: Entity eldritch_end:the_faceless has no attributes
[20:48:34] [main/INFO]: Registering C2S receiver with id aaa_particles:main/2b101225a0983c178c43c737d76def52
[20:48:34] [main/INFO]: Registering C2S receiver with id aaa_particles:main/878ba3ad853235668eff51eb0a40c900
[20:48:34] [main/INFO]: Registering C2S receiver with id aaa_particles:main/878ba3ad853235668eff51eb0a40c900
[20:48:34] [main/INFO]: Registering C2S receiver with id aaa_particles:main/9b5bc39f00d53db2acf81d859b596583
[20:48:34] [main/INFO]: Registered Trinkets Reloaded Listeners
[20:48:35] [main/INFO]: Hello world!
[20:48:36] [main/INFO]: [AllTheTrims] Config loaded
[20:48:36] [main/INFO]: Loaded config amendments-common.json
[20:48:36] [main/INFO]: [Animal Feeding Trough] Load Complete! Enjoy :D
[20:48:36] [main/INFO]: [AqUpd's mobs] Caracal mod is loaded!
[20:48:37] [main/INFO]: Registering C2S receiver with id artifacts:networking_channel/42a7ad70b1cc371599a0eff744096b8a
[20:48:37] [main/INFO]: Registering C2S receiver with id artifacts:networking_channel/74a5e841822a3a87854ae896a33430d6
[20:48:37] [main/INFO]: Registering C2S receiver with id artifacts:networking_channel/eb3d1e2748533430848cadf0f37c7e9c
[20:48:37] [main/INFO]: Registering C2S receiver with id artifacts:networking_channel/91c8520f19f93b3e8b6a727568e194ab
[20:48:37] [main/INFO]: Registering C2S receiver with id artifacts:networking_channel/8c2784d778293fd482ed84b8aa5fedb9
[20:48:37] [main/INFO]: Registering C2S receiver with id artifacts:networking_channel/ea038224ea783d40b2863f52239e2604
[20:48:37] [main/INFO]: Registering C2S receiver with id artifacts:networking_channel/97ad64b7ecaf33209991c4f031501a58
[20:48:37] [main/INFO]: Registered azurelib config for auto-sync function
[20:48:37] [main/INFO]: Constructing common components for barteringstation:main
[20:48:37] [main/INFO]: Better Compatibility Checker starting
[20:48:37] [main/INFO]: Loading config file
[20:48:37] [main/INFO]: Config file loaded
[20:48:37] [main/INFO]: [bclib] Added Config bclib.generator to auto sync (file hash)
[20:48:37] [main/INFO]: [bclib] Added Config bclib.main to auto sync (content diff)
[20:48:37] [main/INFO]: [bclib] Added Config bclib.biomes to auto sync (file hash)
[20:48:38] [main/INFO]: Registering C2S receiver with id beachparty:mouse_scroll
[20:48:38] [main/INFO]: Better Archeology says Hello
[20:48:38] [main/INFO]: [STDOUT]: All 4 have been set properly
[20:48:38] [main/INFO]: Registering Items from betterarcheology
[20:48:38] [main/INFO]: Registering Blocks from betterarcheology
[20:48:38] [main/INFO]: ModEntityTypes of betterarcheology registered.
[20:48:38] [main/INFO]: Registering Enchantments for betterarcheology
[20:48:38] [main/INFO]: betterchunkloading mod initialized
[20:48:38] [main/INFO]: Reflections took 108 ms to scan 1 urls, producing 1 keys and 2 values
[20:48:38] [main/INFO]: Reflections took 3 ms to scan 1 urls, producing 1 keys and 2 values
[20:48:38] [main/INFO]: Reflections took 4 ms to scan 1 urls, producing 1 keys and 3 values
[20:48:38] [main/INFO]: Reflections took 6 ms to scan 1 urls, producing 1 keys and 3 values
[20:48:38] [main/INFO]: [bclib] Added Config betterend.entities to auto sync (file hash)
[20:48:38] [main/INFO]: [bclib] Added Config betterend.blocks to auto sync (file hash)
[20:48:38] [main/INFO]: [bclib] Added Config betterend.items to auto sync (file hash)
[20:48:38] [main/INFO]: [bclib] Added Config betterend.biomes to auto sync (file hash)
[20:48:38] [main/INFO]: [bclib] Added Config betterend.recipes to auto sync (file hash)
[20:48:38] [main/INFO]: [bclib] Added Config betterend.enchantments to auto sync (file hash)
[20:48:39] [main/INFO]: Hello Fabric world!
[20:48:39] [main/INFO]: Reflections took 2 ms to scan 1 urls, producing 1 keys and 2 values
[20:48:39] [main/INFO]: Reflections took 2 ms to scan 1 urls, producing 1 keys and 2 values
[20:48:39] [main/INFO]: Reflections took 3 ms to scan 1 urls, producing 1 keys and 1 values
[20:48:39] [main/INFO]: Reflections took 2 ms to scan 1 urls, producing 1 keys and 1 values
[20:48:39] [main/INFO]: betterfpsdist mod initialized
[20:48:39] [main/INFO]: Reflections took 4 ms to scan 1 urls, producing 1 keys and 3 values
[20:48:39] [main/INFO]: Reflections took 3 ms to scan 1 urls, producing 1 keys and 3 values
[20:48:39] [main/INFO]: Reflections took 3 ms to scan 1 urls, producing 1 keys and 2 values
[20:48:39] [main/INFO]: Reflections took 2 ms to scan 1 urls, producing 1 keys and 2 values
[20:48:39] [main/INFO]: [betternether] =^..^=    BetterNether for 1.20    =^..^=
[20:48:39] [main/WARN]: @Redirect conflict. Skipping redirector.mixins.json:net.minecraft.world.level.block.state.CacheMixin from mod redirector->@Redirect::redirectSupportTypes()[Lnet/minecraft/class_5431; with priority 10, already redirected by modernfix-common.mixins.json:perf.cache_blockstate_cache_arrays.AbstractBlockStateCacheMixin from mod modernfix->@Redirect::getVoxelShapeValues()[Lnet/minecraft/class_5431; with priority 1000
[20:48:40] [main/INFO]: Reflections took 17 ms to scan 1 urls, producing 1 keys and 1 values
[20:48:40] [main/INFO]: Reflections took 1 ms to scan 1 urls, producing 1 keys and 1 values
[20:48:40] [main/INFO]: Reflections took 2 ms to scan 1 urls, producing 1 keys and 2 values
[20:48:40] [main/INFO]: Reflections took 3 ms to scan 1 urls, producing 1 keys and 2 values
[20:48:40] [main/INFO]: Reflections took 1 ms to scan 1 urls, producing 1 keys and 1 values
[20:48:40] [main/INFO]: Reflections took 0 ms to scan 1 urls, producing 1 keys and 1 values
[20:48:40] [main/INFO]: Biolith is initializing...
[20:48:40] [main/INFO]: Enabling Biolith's TerraBlender compatibility layer.
[20:48:40] [main/INFO]: Constructing common components for blockrunner:main
[20:48:41] [main/INFO]: BoatBreakFix initialized
[20:48:41] [main/INFO]: Fixing MC-151457. Crafting remainder for minecraft:pufferfish_bucket is now minecraft:bucket.
[20:48:41] [main/INFO]: Fixing MC-151457. Crafting remainder for minecraft:salmon_bucket is now minecraft:bucket.
[20:48:41] [main/INFO]: Fixing MC-151457. Crafting remainder for minecraft:cod_bucket is now minecraft:bucket.
[20:48:41] [main/INFO]: Fixing MC-151457. Crafting remainder for minecraft:tropical_fish_bucket is now minecraft:bucket.
[20:48:41] [main/INFO]: Fixing MC-151457. Crafting remainder for minecraft:axolotl_bucket is now minecraft:bucket.
[20:48:41] [main/INFO]: Fixing MC-151457. Crafting remainder for minecraft:powder_snow_bucket is now minecraft:bucket.
[20:48:41] [main/INFO]: Fixing MC-151457. Crafting remainder for minecraft:tadpole_bucket is now minecraft:bucket.
[20:48:42] [main/INFO]: Registering C2S receiver with id brewery:alcohol_sync_request
[20:48:42] [main/INFO]: Registering C2S receiver with id brewery:drink_alcohol
[20:48:42] [main/INFO]: Hello Fabric world!
[20:48:42] [main/INFO]: [STDOUT]: All 6 have been set properly
[20:48:42] [main/INFO]: Loading Collective version 7.7.
[20:48:42] [main/INFO]: File exists, reading config for elocindev.combat_effects.config.entries.MainConfig.
[20:48:42] [main/INFO]: Config for elocindev.combat_effects.config.entries.MainConfig read successfully.
[20:48:43] [main/INFO]: Initialized entity types.
[20:48:43] [Cicada thread 0/INFO]: [Library Quote of the Day] 'nyaa~'
[20:48:43] [main/INFO]: Connectivity initialized
[20:48:46] [main/INFO]: Hello 1.20.1 Create!
[20:48:46] [main/INFO]: File exists, reading config for elocindev.create_questing.fabric.config.ConfigEntries.
[20:48:46] [main/INFO]: Config for elocindev.create_questing.fabric.config.ConfigEntries read successfully.
[20:48:46] [main/INFO]: Loaded Create Questing Config
[20:48:46] [main/WARN]: Tried to register an overly high cookTime: 57600 > 32767! (air)
[20:48:46] [main/INFO]: [STDOUT]: Create Crafts & Additions Initialized!
[20:48:47] [main/INFO]: File exists, reading config for elocindev.customentityattributes.config.CEABasicConfig.
[20:48:47] [main/INFO]: Config for elocindev.customentityattributes.config.CEABasicConfig read successfully.
[20:48:47] [main/INFO]: File exists, reading config for elocindev.customentityattributes.config.CEAAdvancedConfig.
[20:48:47] [main/INFO]: Config for elocindev.customentityattributes.config.CEAAdvancedConfig read successfully.
[20:48:47] [main/INFO]: File exists, reading config for elocindev.customitemattributes.config.CIAConfig.
[20:48:47] [main/INFO]: Config for elocindev.customitemattributes.config.CIAConfig read successfully.
[20:48:47] [main/INFO]: File exists, reading config for elocindev.deathknights.config.entries.enchants.DecayingEnchantConfig.
[20:48:47] [main/INFO]: Config for elocindev.deathknights.config.entries.enchants.DecayingEnchantConfig read successfully.
[20:48:47] [main/INFO]: File exists, reading config for elocindev.deathknights.config.entries.loot.JewelryLootConfig.
[20:48:47] [main/INFO]: Config for elocindev.deathknights.config.entries.loot.JewelryLootConfig read successfully.
[20:48:47] [main/INFO]: File exists, reading config for elocindev.deathknights.config.entries.spells.frost.ObliterateConfig.
[20:48:47] [main/INFO]: Config for elocindev.deathknights.config.entries.spells.frost.ObliterateConfig read successfully.
[20:48:47] [main/INFO]: File exists, reading config for elocindev.deathknights.config.entries.spells.frost.RemorselessWinterConfig.
[20:48:47] [main/INFO]: Config for elocindev.deathknights.config.entries.spells.frost.RemorselessWinterConfig read successfully.
[20:48:47] [main/INFO]: File exists, reading config for elocindev.deathknights.config.entries.spells.frost.BreathOfAgonyConfig.
[20:48:47] [main/INFO]: Config for elocindev.deathknights.config.entries.spells.frost.BreathOfAgonyConfig read successfully.
[20:48:47] [main/INFO]: File exists, reading config for elocindev.deathknights.config.entries.spells.unholy.PlaguesConfig.
[20:48:47] [main/INFO]: Config for elocindev.deathknights.config.entries.spells.unholy.PlaguesConfig read successfully.
[20:48:47] [main/INFO]: File exists, reading config for elocindev.deathknights.config.entries.spells.unholy.DeathCoilConfig.
[20:48:47] [main/INFO]: Config for elocindev.deathknights.config.entries.spells.unholy.DeathCoilConfig read successfully.
[20:48:47] [main/INFO]: File exists, reading config for elocindev.deathknights.config.entries.spells.unholy.EpidemicConfig.
[20:48:47] [main/INFO]: Config for elocindev.deathknights.config.entries.spells.unholy.EpidemicConfig read successfully.
[20:48:47] [main/INFO]: File exists, reading config for elocindev.deathknights.config.entries.spells.unholy.DeathGripConfig.
[20:48:47] [main/INFO]: Config for elocindev.deathknights.config.entries.spells.unholy.DeathGripConfig read successfully.
[20:48:47] [main/INFO]: File exists, reading config for elocindev.deathknights.config.entries.spells.blood.DeathStrikeConfig.
[20:48:47] [main/INFO]: Config for elocindev.deathknights.config.entries.spells.blood.DeathStrikeConfig read successfully.
[20:48:47] [main/INFO]: File exists, reading config for elocindev.deathknights.config.entries.spells.blood.MarrowrendConfig.
[20:48:47] [main/INFO]: Config for elocindev.deathknights.config.entries.spells.blood.MarrowrendConfig read successfully.
[20:48:47] [main/INFO]: File exists, reading config for elocindev.deathknights.config.entries.spells.blood.BloodBoilConfig.
[20:48:47] [main/INFO]: Config for elocindev.deathknights.config.entries.spells.blood.BloodBoilConfig read successfully.
[20:48:47] [main/INFO]: Death Knights Config Loaded!
[20:48:47] [main/INFO]: Death Knights Initialized!
[20:48:47] [main/INFO]: Saving config because the loaded bug fixes are different to stored json.
[20:48:47] [main/INFO]: Saving Debugify
[20:48:47] [main/INFO]: Enabled 2 bug fixes: [MC-89146, MC-199467]
[20:48:47] [main/INFO]: Successfully Debugify'd your game!
[20:48:48] [main/INFO]: Bypassed Mojang DFU
[20:48:48] [main/INFO]: Instantiating Mojang DFU
[20:48:49] [main/INFO]: Derelict initializing
[20:48:49] [main/INFO]: Loaded DEUF Refabricated Config
[20:48:49] [main/WARN]: Lithium detected. MmmMmmMmmMmm scarecrow mode has been disabled as lithium doesnt have a way to add goals to new entities
[20:48:49] [main/INFO]: File exists, reading config for elocindev.eldritch_end.config.entries.biomes.PrimordialAbyssConfig.
[20:48:49] [main/INFO]: Config for elocindev.eldritch_end.config.entries.biomes.PrimordialAbyssConfig read successfully.
[20:48:49] [main/INFO]: File exists, reading config for elocindev.eldritch_end.config.entries.biomes.HasturianWastesConfig.
[20:48:49] [main/INFO]: Config for elocindev.eldritch_end.config.entries.biomes.HasturianWastesConfig read successfully.
[20:48:49] [main/INFO]: File exists, reading config for elocindev.eldritch_end.config.entries.entities.AberrationConfig.
[20:48:49] [main/INFO]: Config for elocindev.eldritch_end.config.entries.entities.AberrationConfig read successfully.
[20:48:49] [main/INFO]: File exists, reading config for elocindev.eldritch_end.config.entries.entities.TentacleConfig.
[20:48:49] [main/INFO]: Config for elocindev.eldritch_end.config.entries.entities.TentacleConfig read successfully.
[20:48:49] [main/INFO]: File exists, reading config for elocindev.eldritch_end.config.entries.entities.DendlerConfig.
[20:48:49] [main/INFO]: Config for elocindev.eldritch_end.config.entries.entities.DendlerConfig read successfully.
[20:48:49] [main/INFO]: File exists, reading config for elocindev.eldritch_end.config.entries.entities.boss.FacelessConfig.
[20:48:49] [main/INFO]: Config for elocindev.eldritch_end.config.entries.entities.boss.FacelessConfig read successfully.
[20:48:49] [main/INFO]: File exists, reading config for elocindev.eldritch_end.config.entries.entities.boss.HasturConfig.
[20:48:49] [main/INFO]: Config for elocindev.eldritch_end.config.entries.entities.boss.HasturConfig read successfully.
[20:48:49] [main/INFO]: File exists, reading config for elocindev.eldritch_end.config.entries.mechanics.CorruptionConfig.
[20:48:49] [main/INFO]: Config for elocindev.eldritch_end.config.entries.mechanics.CorruptionConfig read successfully.
[20:48:49] [main/INFO]: File exists, reading config for elocindev.eldritch_end.config.entries.mechanics.InfusionConfig.
[20:48:49] [main/INFO]: Config for elocindev.eldritch_end.config.entries.mechanics.InfusionConfig read successfully.
[20:48:49] [main/INFO]: File exists, reading config for elocindev.eldritch_end.config.entries.item.XalConfig.
[20:48:49] [main/INFO]: Config for elocindev.eldritch_end.config.entries.item.XalConfig read successfully.
[20:48:49] [main/INFO]: Eldritch End's Config Loaded!
[20:48:49] [main/INFO]: Registered Eldritch End items
[20:48:50] [main/INFO]: Registering Item Group for ends_delight
[20:48:50] [main/INFO]: Registering Mod Blocks for ends_delight
[20:48:50] [main/INFO]: Registering Mod Features for ends_delight
[20:48:50] [main/INFO]: Hello Fabric world!
[20:48:50] [main/INFO]: Injecting Estrogen into your veins!
[20:48:50] [main/INFO]: ExpandAbility here, who dis?
[20:48:50] [main/INFO]: Hello Fabric world!
[20:48:50] [main/INFO]: Look at the cleanse, look at the moves!
[20:48:50] [Placebo (FakerLib) Patreon Wing Loader/INFO]: Loading patreon wing data...
[20:48:50] [Placebo (FakerLib) Patreon Trail Loader/INFO]: Loading patreon trails data...
[20:48:50] [Placebo (FakerLib) Patreon Trail Loader/INFO]: Loaded 33 patreon trails.
[20:48:50] [Placebo (FakerLib) Patreon Wing Loader/INFO]: Loaded 25 patreon wings.
[20:48:50] [main/INFO]: Farmer's Knives loaded!
[20:48:50] [main/INFO]: Initialized Frostiful!
[20:48:50] [main/INFO]: Registering C2S receiver with id ftblibrary:edit_nbt_response
[20:48:50] [main/INFO]: Registering C2S receiver with id ftbquests:submit_task
[20:48:50] [main/INFO]: Registering C2S receiver with id ftbquests:claim_reward
[20:48:50] [main/INFO]: Registering C2S receiver with id ftbquests:get_emergency_items
[20:48:50] [main/INFO]: Registering C2S receiver with id ftbquests:claim_all_rewards
[20:48:50] [main/INFO]: Registering C2S receiver with id ftbquests:claim_choice_reward
[20:48:50] [main/INFO]: Registering C2S receiver with id ftbquests:toggle_pinned
[20:48:50] [main/INFO]: Registering C2S receiver with id ftbquests:toggle_chapter_pinned
[20:48:50] [main/INFO]: Registering C2S receiver with id ftbquests:toggle_editing_mode
[20:48:50] [main/INFO]: Registering C2S receiver with id ftbquests:force_save
[20:48:50] [main/INFO]: Registering C2S receiver with id ftbquests:set_custom_image
[20:48:50] [main/INFO]: Registering C2S receiver with id ftbquests:task_screen_config_resp
[20:48:50] [main/INFO]: Registering C2S receiver with id ftbquests:change_progress
[20:48:50] [main/INFO]: Registering C2S receiver with id ftbquests:create_object
[20:48:51] [main/INFO]: Registering C2S receiver with id ftbquests:create_task_at
[20:48:51] [main/INFO]: Registering C2S receiver with id ftbquests:delete_object
[20:48:51] [main/INFO]: Registering C2S receiver with id ftbquests:edit_object
[20:48:51] [main/INFO]: Registering C2S receiver with id ftbquests:move_chapter
[20:48:51] [main/INFO]: Registering C2S receiver with id ftbquests:move_quest
[20:48:51] [main/INFO]: Registering C2S receiver with id ftbquests:change_chapter_group
[20:48:51] [main/INFO]: Registering C2S receiver with id ftbquests:move_chapter_group
[20:48:51] [main/INFO]: Registering C2S receiver with id ftbquests:copy_quest
[20:48:51] [main/INFO]: Registering C2S receiver with id ftbquests:copy_chapter_image
[20:48:51] [main/INFO]: Registering C2S receiver with id ftbquests:sync_structures_request
[20:48:51] [main/INFO]: Registering C2S receiver with id ftbquests:request_team_data
[20:48:51] [main/INFO]: Registering C2S receiver with id ftbteams:open_gui
[20:48:51] [main/INFO]: Registering C2S receiver with id ftbteams:update_settings
[20:48:51] [main/INFO]: Registering C2S receiver with id ftbteams:send_message
[20:48:51] [main/INFO]: Registering C2S receiver with id ftbteams:create_party
[20:48:51] [main/INFO]: Registering C2S receiver with id ftbteams:player_gui_operation
[20:48:51] [main/INFO]: Is initializing.
[20:48:51] [main/INFO]: Has successfully been initialized.
[20:48:51] [main/INFO]: Initializing Gimm1q - Mim1q's Fabric modding library!
[20:48:52] [main/INFO]: Industrial Revolution has initialized.
[20:48:52] [main/INFO]: Hello Fabric world!
[20:48:52] [main/INFO]: File exists, reading config for elocindev.item_obliterator.fabric_quilt.config.ConfigEntries.
[20:48:52] [main/INFO]: Config for elocindev.item_obliterator.fabric_quilt.config.ConfigEntries read successfully.
[20:48:52] [main/INFO]: Item Obliterator Config Loaded
[20:48:52] [main/INFO]: Registering C2S receiver with id itemfilters:main/14e7fa1454283aec8ae811ef844ada28
[20:48:52] [main/INFO]: Registering C2S receiver with id itemfilters:main/8f6a899247753217b9d86ab427a2b279
[20:48:52] [main/INFO]: [jamlib] Mod initialized!
[20:48:52] [main/INFO]: [KONKRETE] Successfully initialized!
[20:48:52] [main/INFO]: [KONKRETE] Server-side libs ready to use!
[20:48:52] [main/INFO]: Compression will use libdeflate (Linux x86_64), encryption will use OpenSSL 1.1.x (Linux x86_64)
[20:48:52] [main/INFO]: Constructing common components for leavesbegone:main
[20:48:52] [main/INFO]: [LMFT]: Loaded Config File!
[20:48:52] [main/INFO]: Constructing common components for magnumtorch:main
[20:48:52] [main/INFO]: Registering Blocks for mcda
[20:48:53] [main/INFO]: [MELODY] Disabling Melody since it's loaded server-side.
[20:48:53] [main/INFO]: Definitely not up to no good
[20:48:53] [main/INFO]: [STDOUT]: All 13 have been set properly
[20:48:53] [main/INFO]: Modern Industrialization setup done!
[20:48:53] [main/INFO]: [STDOUT]: found type, is TWO
[20:48:53] [main/INFO]: [STDOUT]: [Modpack Update Checker] Loaded configuration file.
[20:48:54] [main/INFO]: Registering items for modmore_armor_trims
[20:48:54] [main/INFO]: Giving mobs a fresh coat of paint...
[20:48:54] [main/INFO]: Constructing common components for mutantmonsters:main
[20:48:54] [main/INFO]: Loading common config for mutantmonsters
[20:48:54] [Thread-3/INFO]: Reloading common config for mutantmonsters
[20:48:54] [Thread-3/INFO]: Reloading common config for mutantmonsters
[20:48:54] [main/INFO]: Hello from Mythic Mobs!
[20:48:54] [main/INFO]: Registering items for Mythic Mobs
[20:48:54] [main/INFO]: Registering blocks for Mythic Mobs
[20:48:54] [main/INFO]: Registering item group for Mythic Mobs
[20:48:54] [main/INFO]: Registering entities for Mythic Mobs
[20:48:54] [main/INFO]: Registering particles for Mythic Mobs
[20:48:54] [main/INFO]: Registering block entities for Mythic Mobs
[20:48:54] [main/INFO]: Registering sounds for Mythic Mobs
[20:48:54] [main/INFO]: Generating world-gen for Mythic Mobs
[20:48:54] [main/INFO]: Registering Mythic Items for mythicupgrades
[20:48:54] [main/INFO]: Registering Mythic Blocks for mythicupgrades
[20:48:54] [main/INFO]: Mythic Upgrades works properly! CAN ANNENE SELAMLAR KARŞİM <3!
[20:48:54] [main/INFO]: Necronomicon Initialized
[20:48:54] [main/INFO]: File exists, reading config for elocindev.necronomicon.NecronomiconConfig.
[20:48:54] [main/INFO]: Config for elocindev.necronomicon.NecronomiconConfig read successfully.
[20:48:54] [main/INFO]: Initializing Neruina
[20:48:54] [main/INFO]: Constructing common components for netherchested:main
[20:48:54] [main/INFO]: Registering Items for netherdepthsupgrade
[20:48:54] [main/INFO]: Registering Blocks for netherdepthsupgrade
[20:48:54] [main/INFO]: Registering Block Entities for netherdepthsupgrade
[20:48:54] [main/INFO]: Registering tabs for netherdepthsupgrade
[20:48:54] [main/INFO]: Registering Entity Types for netherdepthsupgrade
[20:48:54] [main/INFO]: Registering Effects for netherdepthsupgrade
[20:48:54] [main/INFO]: Registering Potions for netherdepthsupgrade
[20:48:54] [main/INFO]: Registering Enchantments for netherdepthsupgrade
[20:48:54] [main/INFO]: Registering Particles for netherdepthsupgrade
[20:48:55] [main/INFO]: Registering Features for netherdepthsupgrade
[20:48:55] [main/INFO]: Registering ConfiguredFeatures for netherdepthsupgrade
[20:48:55] [main/INFO]: Registering PlacedFeatures for netherdepthsupgrade
[20:48:55] [main/INFO]: Registering Structures for netherdepthsupgrade
[20:48:55] [main/INFO]: Setting up compat for Farmers Delight
[20:48:55] [main/INFO]: KONNICHIWA ZA WARUDO!
[20:48:55] [main/INFO]: Default JVM text encoding is: UTF-8
[20:48:55] [main/INFO]: Reading config file NoChatReports/NCR-Common.json...
[20:48:55] [main/INFO]: Writing config file NoChatReports/NCR-Common.json...
[20:48:55] [main/INFO]: Registering Items for oceansdelight
[20:48:55] [main/INFO]: Registering Blocks for oceansdelight
[20:48:55] [main/INFO]: Registering tabs for oceansdelight
[20:48:55] [main/INFO]: Open Parties and Claims: Create mod support!
[20:48:55] [main/INFO]: [STDOUT]: All 1 have been set properly
[20:48:55] [main/INFO]: My Seethenhagen factory makes 331 pounds of licorice per hour
[20:48:55] [main/INFO]: Packet Fixer (Fabric) has been initialized successfully
[20:48:55] [main/ERROR]: Failed to load book seasonsextras:seasonal_compendium defined by mod seasonsextras, skipping
java.lang.IllegalArgumentException: Book seasonsextras:seasonal_compendium has use_resource_pack set to false. This behaviour was removed in 1.20. The book author should enable this flag and move all book contents clientside to /assets/, leaving the book.json in /data/. See https://vazkiimods.github.io/Patchouli/docs/upgrading/upgrade-guide-120 for details.
	at vazkii.patchouli.common.book.Book.<init>(Book.java:145) ~[Patchouli-1.20.1-84-FABRIC.jar:?]
	at vazkii.patchouli.common.book.BookRegistry.loadBook(BookRegistry.java:90) ~[Patchouli-1.20.1-84-FABRIC.jar:?]
	at vazkii.patchouli.common.book.BookRegistry.lambda$init$3(BookRegistry.java:75) ~[Patchouli-1.20.1-84-FABRIC.jar:?]
	at java.util.HashMap.forEach(HashMap.java:1421) ~[?:?]
	at vazkii.patchouli.common.book.BookRegistry.init(BookRegistry.java:70) ~[Patchouli-1.20.1-84-FABRIC.jar:?]
	at vazkii.patchouli.fabric.common.FabricModInitializer.onInitialize(FabricModInitializer.java:33) ~[Patchouli-1.20.1-84-FABRIC.jar:?]
	at net.fabricmc.loader.impl.FabricLoaderImpl.invokeEntrypoints(FabricLoaderImpl.java:399) ~[fabric-loader-0.16.3.jar:?]
	at net.fabricmc.loader.impl.game.minecraft.Hooks.startServer(Hooks.java:63) ~[fabric-loader-0.16.3.jar:?]
	at net.minecraft.server.Main.main(Main.java:112) ~[server-intermediary.jar:?]
	at net.fabricmc.loader.impl.game.minecraft.MinecraftGameProvider.launch(MinecraftGameProvider.java:480) ~[fabric-loader-0.16.3.jar:?]
	at net.fabricmc.loader.impl.launch.knot.Knot.launch(Knot.java:74) ~[fabric-loader-0.16.3.jar:?]
	at net.fabricmc.loader.impl.launch.knot.KnotServer.main(KnotServer.java:23) ~[fabric-loader-0.16.3.jar:?]
	at net.fabricmc.loader.impl.launch.server.FabricServerLauncher.main(FabricServerLauncher.java:69) ~[fabric-loader-0.16.3.jar:?]
	at net.fabricmc.installer.ServerLauncher.main(ServerLauncher.java:69) ~[fabric-server-launch.jar:1.0.1]
[20:48:55] [main/ERROR]: Failed to load book betternether:betternether_book defined by mod betternether, skipping
java.lang.IllegalArgumentException: Book betternether:betternether_book has use_resource_pack set to false. This behaviour was removed in 1.20. The book author should enable this flag and move all book contents clientside to /assets/, leaving the book.json in /data/. See https://vazkiimods.github.io/Patchouli/docs/upgrading/upgrade-guide-120 for details.
	at vazkii.patchouli.common.book.Book.<init>(Book.java:145) ~[Patchouli-1.20.1-84-FABRIC.jar:?]
	at vazkii.patchouli.common.book.BookRegistry.loadBook(BookRegistry.java:90) ~[Patchouli-1.20.1-84-FABRIC.jar:?]
	at vazkii.patchouli.common.book.BookRegistry.lambda$init$3(BookRegistry.java:75) ~[Patchouli-1.20.1-84-FABRIC.jar:?]
	at java.util.HashMap.forEach(HashMap.java:1421) ~[?:?]
	at vazkii.patchouli.common.book.BookRegistry.init(BookRegistry.java:70) ~[Patchouli-1.20.1-84-FABRIC.jar:?]
	at vazkii.patchouli.fabric.common.FabricModInitializer.onInitialize(FabricModInitializer.java:33) ~[Patchouli-1.20.1-84-FABRIC.jar:?]
	at net.fabricmc.loader.impl.FabricLoaderImpl.invokeEntrypoints(FabricLoaderImpl.java:399) ~[fabric-loader-0.16.3.jar:?]
	at net.fabricmc.loader.impl.game.minecraft.Hooks.startServer(Hooks.java:63) ~[fabric-loader-0.16.3.jar:?]
	at net.minecraft.server.Main.main(Main.java:112) ~[server-intermediary.jar:?]
	at net.fabricmc.loader.impl.game.minecraft.MinecraftGameProvider.launch(MinecraftGameProvider.java:480) ~[fabric-loader-0.16.3.jar:?]
	at net.fabricmc.loader.impl.launch.knot.Knot.launch(Knot.java:74) ~[fabric-loader-0.16.3.jar:?]
	at net.fabricmc.loader.impl.launch.knot.KnotServer.main(KnotServer.java:23) ~[fabric-loader-0.16.3.jar:?]
	at net.fabricmc.loader.impl.launch.server.FabricServerLauncher.main(FabricServerLauncher.java:69) ~[fabric-loader-0.16.3.jar:?]
	at net.fabricmc.installer.ServerLauncher.main(ServerLauncher.java:69) ~[fabric-server-launch.jar:1.0.1]
[20:48:55] [main/WARN]: @ModifyConstant conflict. Skipping connectivity.mixins.json:ClientboundCustomPayloadPacketMixin from mod connectivity->@ModifyConstant::modifyLimit(I)I with priority 1, already redirected by packetfixer.mixins.json:CustomPayloadS2CPacketMixin from mod packetfixer->@ModifyConstant::newSize(I)I with priority 9999
[20:48:55] [main/WARN]: @ModifyConstant conflict. Skipping xlpackets.mixins.json:ClientboundCustomPayloadPacketMixin from mod thiccpackets->@ModifyConstant::xlPackets(I)I with priority 1000, already redirected by packetfixer.mixins.json:CustomPayloadS2CPacketMixin from mod packetfixer->@ModifyConstant::newSize(I)I with priority 9999
[20:48:55] [main/INFO]: [Ping-Wheel] Init
[20:48:55] [main/INFO]: Registering C2S receiver with id powah:packet
[20:48:55] [main/INFO]: File exists, reading config for elocindev.prominent.config.ServerConfig.
[20:48:55] [main/INFO]: Config for elocindev.prominent.config.ServerConfig read successfully.
[20:48:55] [main/INFO]: Registered Prominent Sounds
[20:48:55] [main/INFO]: Registered Prominent Items
[20:48:55] [main/INFO]: Loaded Prominent Config
[20:48:55] [main/INFO]: Registered Prominent Sounds
[20:48:55] [main/INFO]: Registered Prominent Items
[20:48:55] [main/INFO]: File exists, reading config for elocindev.prominent_talents.config.Config.
[20:48:55] [main/INFO]: Config for elocindev.prominent_talents.config.Config read successfully.
[20:48:55] [main/INFO]: Registered Prominent Talents Sounds
[20:48:55] [main/INFO]: File exists, reading config for elocindev.protbalancer.config.ProtectionBalancerConfig.
[20:48:55] [main/INFO]: Config for elocindev.protbalancer.config.ProtectionBalancerConfig read successfully.
[20:48:55] [main/INFO]: Constructing common components for puzzlesapi:iteminteractions
[20:48:55] [main/INFO]: Constructing common components for puzzlesapi:slotcycling
[20:48:55] [main/INFO]: Constructing common components for puzzlesapi:limitlesscontainers
[20:48:55] [main/INFO]: Constructing common components for puzzleslib:main
[20:48:55] [main/INFO]: Registered bogey styles from railways
[20:48:56] [main/INFO]: Registering data fixers
[20:48:56] [main/INFO]: 0 Datafixer optimizations took 0 milliseconds
[20:48:56] [main/INFO]: Registering tracks for Hex Casting
[20:48:56] [main/INFO]: Registering tracks for Oh The Biomes You'll Go
[20:48:56] [main/INFO]: Registering tracks for Blue Skies
[20:48:56] [main/INFO]: Registering tracks for Twilight Forest
[20:48:56] [main/INFO]: Registering tracks for Biomes O' Plenty
[20:48:56] [main/INFO]: Registering tracks for Nature's Spirit
[20:48:56] [main/INFO]: Registering tracks for Dreams and Desires
[20:48:56] [main/INFO]: Registering tracks for Quark
[20:48:56] [main/INFO]: Registering tracks for TerraFirmaCraft
[20:48:56] [main/INFO]: Reacharound Initializing.
[20:48:56] [main/INFO]: Reacharound Initialized.
[20:48:56] [main/INFO]: File exists, reading config for elocindev.rebalance.config.ReBalanceConfig.
[20:48:56] [main/INFO]: Config for elocindev.rebalance.config.ReBalanceConfig read successfully.
[20:48:56] [main/INFO]: [Regions Unexplored] generating and loading config
[20:48:56] [main/INFO]: File exists, reading config for elocindev.resistance_balancer.config.ResistanceBalancerConfig.
[20:48:56] [main/INFO]: Config for elocindev.resistance_balancer.config.ResistanceBalancerConfig read successfully.
[20:48:56] [main/INFO]: [Revelationary] Starting Common Startup
[20:48:56] [main/INFO]: [Revelationary] Common startup completed!
[20:48:56] [main/INFO]: Hello Fabric world!
[20:48:56] [main/INFO]: [Fabric Seasons] Trying to read config file...
[20:48:56] [main/INFO]: [Fabric Seasons] A config file was found, loading it..
[20:48:56] [main/INFO]: [Fabric Seasons] Successfully loaded config file.
[20:48:56] [main/INFO]: [Fabric Seasons] Successfully loaded seasonscroptopiacompat 1.0 for croptopia 2.2.2
[20:48:56] [main/INFO]: [Fabric Seasons] Successfully loaded seasonsdelightcompat 1.0 for farmersdelight 1.3.9
[20:48:56] [main/INFO]: Shield API initialized!
[20:48:56] [main/INFO]: Registering Items for simplyskills
[20:48:56] [main/INFO]: Registering Entities for simplyskills
[20:48:57] [main/INFO]: Registering Eldritch End compat Items for simplyswords
[20:48:57] [main/INFO]: [STDOUT]: Copied from /data/simplyswords/safeload_recipes/eldritch_end/dreadtide.json to /data/simplyswords/recipes/eldritch_end/dreadtide.json
[20:48:57] [main/INFO]: [STDOUT]: /workspaces/afvs/servidor_minecraft/config
[20:48:57] [main/INFO]: Hello Fabric world!
[20:48:57] [main/INFO]: Config initialized!
[20:48:57] [main/INFO]: Successfully initialized Geckolib!
[20:48:57] [main/INFO]: Successfully registered SoulsWeapons content!
[20:48:57] [main/INFO]: Successfully registered built-in 2D model resourcepack!
[20:48:57] [main/INFO]: Successfully registered built-in Legacy 2D Models resourcepack!
[20:48:57] [main/INFO]: Successfully registered built-in Legacy 3D Models resourcepack!
[20:48:57] [main/INFO]: Successfully registered built-in Fresh Animations Compat. resourcepack!
[20:48:57] [main/INFO]: Initializing done, time taken: 221ms
[20:48:57] [main/INFO]: Spell Engine x Open Parties and Claims
[20:48:57] [main/INFO]: Hello Fabric world!
[20:48:57] [main/INFO]: Creating asynchronous mapping cache executor...
[20:48:57] [Mappings Cache Thread #1/INFO]: Verifying cache of yarn mappings...
[20:48:57] [Mappings Cache Thread #1/INFO]: Refreshing latest yarn build (last refresh was 262 hour(s) ago)...
[20:48:57] [Mappings Cache Thread #1/INFO]: Downloading SHA512 hash for https://maven.fabricmc.net/net/fabricmc/yarn/maven-metadata.xml...
[20:48:57] [Mappings Cache Thread #1/INFO]: Trying to request GET https://maven.fabricmc.net/net/fabricmc/yarn/maven-metadata.xml.sha512... (try #0)
[20:48:57] [main/INFO]: Constructing common components for stoneworks:main
[20:48:57] [main/INFO]: Loading common config for stoneworks
[20:48:57] [Thread-3/INFO]: Reloading common config for stoneworks
[20:48:57] [Thread-3/INFO]: Reloading common config for stoneworks
[20:48:57] [Mappings Cache Thread #1/INFO]: Received 128 bytes (128 bytes) with status 200 from GET https://maven.fabricmc.net/net/fabricmc/yarn/maven-metadata.xml.sha512 in 131ms
[20:48:57] [Mappings Cache Thread #1/INFO]: Fetching latest yarn build...
[20:48:57] [Mappings Cache Thread #1/INFO]: Trying to request GET https://maven.fabricmc.net/net/fabricmc/yarn/maven-metadata.xml... (try #0)
[20:48:57] [main/INFO]: structureessentials mod initialized
[20:48:57] [Mappings Cache Thread #1/INFO]: Received 127935 bytes (124 KB) with status 200 from GET https://maven.fabricmc.net/net/fabricmc/yarn/maven-metadata.xml in 36ms
[20:48:57] [Mappings Cache Thread #1/INFO]: Verifying SHA512 hash 5af121499d8b2e492c9f95cc6e07ee21141ed62da902544322752f5a6e19a3245f20c50a92f5164b7ddae63d56fd8e6b6405cdad41998f7c06a0b0e069611f26 for https://maven.fabricmc.net/net/fabricmc/yarn/maven-metadata.xml...
[20:48:57] [Mappings Cache Thread #1/ERROR]: SHA512 hash 5af121499d8b2e492c9f95cc6e07ee21141ed62da902544322752f5a6e19a3245f20c50a92f5164b7ddae63d56fd8e6b6405cdad41998f7c06a0b0e069611f26 doesn't match a48c49cbec28d876d56c56468405cba79aee61494f9b3e8df7634fd3c60b2ee6ea7f59b3c6433a4cfa802a40fe50600725dae223afce0b560f2ff2023a005de2 for https://maven.fabricmc.net/net/fabricmc/yarn/maven-metadata.xml; retrying...
[20:48:57] [Mappings Cache Thread #1/INFO]: Trying to request GET https://maven.fabricmc.net/net/fabricmc/yarn/maven-metadata.xml... (try #1)
[20:48:57] [main/INFO]: Loaded config supplementaries-common.json
[20:48:57] [Mappings Cache Thread #1/INFO]: Received 127935 bytes (124 KB) with status 200 from GET https://maven.fabricmc.net/net/fabricmc/yarn/maven-metadata.xml in 33ms
[20:48:57] [Mappings Cache Thread #1/INFO]: Verifying SHA512 hash 5af121499d8b2e492c9f95cc6e07ee21141ed62da902544322752f5a6e19a3245f20c50a92f5164b7ddae63d56fd8e6b6405cdad41998f7c06a0b0e069611f26 for https://maven.fabricmc.net/net/fabricmc/yarn/maven-metadata.xml...
[20:48:57] [Mappings Cache Thread #1/ERROR]: SHA512 hash 5af121499d8b2e492c9f95cc6e07ee21141ed62da902544322752f5a6e19a3245f20c50a92f5164b7ddae63d56fd8e6b6405cdad41998f7c06a0b0e069611f26 doesn't match a48c49cbec28d876d56c56468405cba79aee61494f9b3e8df7634fd3c60b2ee6ea7f59b3c6433a4cfa802a40fe50600725dae223afce0b560f2ff2023a005de2 for https://maven.fabricmc.net/net/fabricmc/yarn/maven-metadata.xml; retrying...
[20:48:57] [Mappings Cache Thread #1/INFO]: Trying to request GET https://maven.fabricmc.net/net/fabricmc/yarn/maven-metadata.xml... (try #2)
[20:48:57] [Mappings Cache Thread #1/INFO]: Received 127935 bytes (124 KB) with status 200 from GET https://maven.fabricmc.net/net/fabricmc/yarn/maven-metadata.xml in 27ms
[20:48:57] [Mappings Cache Thread #1/INFO]: Verifying SHA512 hash 5af121499d8b2e492c9f95cc6e07ee21141ed62da902544322752f5a6e19a3245f20c50a92f5164b7ddae63d56fd8e6b6405cdad41998f7c06a0b0e069611f26 for https://maven.fabricmc.net/net/fabricmc/yarn/maven-metadata.xml...
[20:48:57] [Mappings Cache Thread #1/ERROR]: SHA512 hash 5af121499d8b2e492c9f95cc6e07ee21141ed62da902544322752f5a6e19a3245f20c50a92f5164b7ddae63d56fd8e6b6405cdad41998f7c06a0b0e069611f26 doesn't match a48c49cbec28d876d56c56468405cba79aee61494f9b3e8df7634fd3c60b2ee6ea7f59b3c6433a4cfa802a40fe50600725dae223afce0b560f2ff2023a005de2 for https://maven.fabricmc.net/net/fabricmc/yarn/maven-metadata.xml; retrying...
[20:48:57] [Mappings Cache Thread #1/INFO]: Trying to request GET https://maven.fabricmc.net/net/fabricmc/yarn/maven-metadata.xml... (try #3)
[20:48:57] [Mappings Cache Thread #1/INFO]: Received 127935 bytes (124 KB) with status 200 from GET https://maven.fabricmc.net/net/fabricmc/yarn/maven-metadata.xml in 28ms
[20:48:57] [Mappings Cache Thread #1/INFO]: Verifying SHA512 hash 5af121499d8b2e492c9f95cc6e07ee21141ed62da902544322752f5a6e19a3245f20c50a92f5164b7ddae63d56fd8e6b6405cdad41998f7c06a0b0e069611f26 for https://maven.fabricmc.net/net/fabricmc/yarn/maven-metadata.xml...
[20:48:57] [Mappings Cache Thread #1/ERROR]: SHA512 hash 5af121499d8b2e492c9f95cc6e07ee21141ed62da902544322752f5a6e19a3245f20c50a92f5164b7ddae63d56fd8e6b6405cdad41998f7c06a0b0e069611f26 doesn't match a48c49cbec28d876d56c56468405cba79aee61494f9b3e8df7634fd3c60b2ee6ea7f59b3c6433a4cfa802a40fe50600725dae223afce0b560f2ff2023a005de2 for https://maven.fabricmc.net/net/fabricmc/yarn/maven-metadata.xml; retrying...
[20:48:57] [ForkJoinPool.commonPool-worker-1/INFO]: Shutting down asynchronous mapping cache executor...
[20:48:57] [ForkJoinPool.commonPool-worker-1/ERROR]: An error occurred while creating mappings cache
java.util.concurrent.CompletionException: dev.booky.stackdeobf.http.FailedHttpRequestException: Retry depth exceeded retry limit (3) – cancelling request to GET https://maven.fabricmc.net/net/fabricmc/yarn/maven-metadata.xml
	at java.util.concurrent.CompletableFuture.encodeThrowable(CompletableFuture.java:315) ~[?:?]
	at java.util.concurrent.CompletableFuture.completeThrowable(CompletableFuture.java:320) ~[?:?]
	at java.util.concurrent.CompletableFuture$UniCompose.tryFire(CompletableFuture.java:1159) ~[?:?]
	at java.util.concurrent.CompletableFuture.postComplete(CompletableFuture.java:510) ~[?:?]
	at java.util.concurrent.CompletableFuture.postFire(CompletableFuture.java:614) ~[?:?]
	at java.util.concurrent.CompletableFuture$UniCompose.tryFire(CompletableFuture.java:1163) ~[?:?]
	at java.util.concurrent.CompletableFuture$Completion.run(CompletableFuture.java:482) ~[?:?]
	at java.util.concurrent.ThreadPoolExecutor.runWorker(ThreadPoolExecutor.java:1136) ~[?:?]
	at java.util.concurrent.ThreadPoolExecutor$Worker.run(ThreadPoolExecutor.java:635) ~[?:?]
	at java.lang.Thread.run(Thread.java:840) ~[?:?]
Caused by: dev.booky.stackdeobf.http.FailedHttpRequestException: Retry depth exceeded retry limit (3) – cancelling request to GET https://maven.fabricmc.net/net/fabricmc/yarn/maven-metadata.xml
	at dev.booky.stackdeobf.http.HttpUtil.getAsync(HttpUtil.java:57) ~[dev_booky_common_-1.4.1+03a1fe4-3fe23ff9188dd32.jar:?]
	at dev.booky.stackdeobf.http.HttpUtil.getAsync(HttpUtil.java:51) ~[dev_booky_common_-1.4.1+03a1fe4-3fe23ff9188dd32.jar:?]
	at dev.booky.stackdeobf.http.VerifiableUrl.get(VerifiableUrl.java:84) ~[dev_booky_common_-1.4.1+03a1fe4-3fe23ff9188dd32.jar:?]
	at dev.booky.stackdeobf.http.VerifiableUrl.lambda$get$2(VerifiableUrl.java:92) ~[dev_booky_common_-1.4.1+03a1fe4-3fe23ff9188dd32.jar:?]
	at java.util.concurrent.CompletableFuture$UniCompose.tryFire(CompletableFuture.java:1150) ~[?:?]
	... 7 more
[20:48:58] [main/INFO]: TechReborn setup done!
[20:48:58] [main/INFO]: Registered region minecraft:overworld to index 0 for type OVERWORLD
[20:48:58] [main/INFO]: Registered region minecraft:nether to index 0 for type NETHER
[20:48:58] [main/INFO]: Registered region regions_unexplored:primary to index 1 for type OVERWORLD
[20:48:58] [main/INFO]: Registered region regions_unexplored:secondary to index 2 for type OVERWORLD
[20:48:58] [main/INFO]: Registered region regions_unexplored:nether to index 1 for type NETHER
[20:48:58] [main/INFO]: Registered region riverredux:overworld to index 3 for type OVERWORLD
[20:48:59] [main/WARN]: Registering builtin Fabric Seasons integration with Thermoo. Note that this integration will be removed as a builtin feature in the future.
[20:48:59] [main/INFO]: Creating environment manager EnvironmentManager{controller=com.github.thedeathlycow.thermoo.api.temperature.EmptyEnvironmentController}
[20:48:59] [main/INFO]: Thermoo initialized
[20:48:59] [main/INFO]: File exists, reading config for elocindev.tierify.config.CommonConfig.
[20:48:59] [main/INFO]: Config for elocindev.tierify.config.CommonConfig read successfully.
[20:48:59] [main/INFO]: Constructing common components for tinyskeletons:main
[20:48:59] [main/INFO]: Config loaded
[20:48:59] [main/INFO]: Tom's Storage Setup starting
[20:48:59] [main/INFO]: Constructing common components for tradingpost:main
[20:48:59] [main/INFO]: Registered the FluidEffect with Unique ID of minecraft:water for minecraft:water 81000 with the ID 0
[20:48:59] [main/INFO]: Registered the FluidEffect with Unique ID of minecraft:lava for minecraft:lava 81000 with the ID 1
[20:48:59] [main/INFO]: Registered the FluidEffect with Unique ID of travelersbackpack:potion for travelersbackpack:potion_still 27000 with the ID 2
[20:48:59] [main/INFO]: Registered the FluidEffect with Unique ID of travelersbackpack:milk for travelersbackpack:milk_still 81000 with the ID 3
[20:48:59] [main/INFO]: [STDOUT]: TxniLib onInitialize!!
[20:48:59] [main/INFO]: [Collective] JSON file 'entity_names.json' generation requested by mod 'villagernames'.
[20:48:59] [main/INFO]: Registered JSON trade offer adapter.
[20:48:59] [main/INFO]: Constructing common components for visualworkbench:main
[20:48:59] [main/INFO]: [STDOUT]: Config updated!
[20:48:59] [main/INFO]: [STDOUT]: Config loaded!
[20:48:59] [main/INFO]: Registering C2S receiver with id wands:key_packet
[20:48:59] [main/INFO]: Registering C2S receiver with id wands:palette_packet
[20:48:59] [main/INFO]: Registering C2S receiver with id wands:wand_packet
[20:48:59] [main/INFO]: Registering C2S receiver with id wands:pos_packet
[20:48:59] [main/INFO]: Registering C2S receiver with id wands:global_settings_packet
[20:48:59] [main/INFO]: File exists, reading config for elocindev.ysns.config.DisabledEntities.
[20:48:59] [main/INFO]: Config for elocindev.ysns.config.DisabledEntities read successfully.
[20:48:59] [main/INFO]: File exists, reading config for elocindev.ysns.config.PerDimensionEntities.
[20:48:59] [main/INFO]: Config for elocindev.ysns.config.PerDimensionEntities read successfully.
[20:48:59] [main/INFO]: You Shall Not Spawn's Config initialized
[20:48:59] [main/INFO]: Reflections took 2 ms to scan 1 urls, producing 1 keys and 4 values
[20:48:59] [main/INFO]: Reflections took 2 ms to scan 1 urls, producing 1 keys and 4 values
[20:48:59] [main/INFO]: Reflections took 1 ms to scan 1 urls, producing 1 keys and 2 values
[20:48:59] [main/INFO]: Reflections took 1 ms to scan 1 urls, producing 1 keys and 2 values
[20:49:00] [main/INFO]: Registering content
[20:49:00] [main/INFO]: Registered extendedae config for auto-sync function
[20:49:00] [main/INFO]: Initialised items.
[20:49:00] [main/INFO]: Initialised blocks.
[20:49:00] [main/INFO]: Initialised block entities.
[20:49:00] [main/INFO]: Initialised AE2WT integration.
[20:49:00] [main/INFO]: Initializing 'Better Statistics Screen' as 'BetterStatsServer'.
[20:49:00] [main/INFO]: Its Morbin' time
[20:49:00] [main/INFO]: Initialized Frostiful server!
[20:49:00] [main/INFO]: Krypton is now accelerating your Minecraft server's networking stack 🚀
[20:49:00] [main/INFO]: [STDOUT]: [Modpack Update Checker] Registered commands
[20:49:01] [main/INFO]: Initialized block sets in 48ms
[20:49:01] [main/INFO]: Loaded config dummmmmmy-common.json
[20:49:01] [main/INFO]: Initialized color sets in 119ms
[20:49:01] [main/INFO]: Finished mod setup in: [17, 0, 0, 0, 0, 0, 13, 9, 1] ms
[20:49:01] [main/INFO]: Loading Open Parties and Claims!
[20:49:01] [main/INFO]: File exists, reading config for elocindev.prominent.config.ServerConfig.
[20:49:01] [main/INFO]: Config for elocindev.prominent.config.ServerConfig read successfully.
[20:49:01] [main/INFO]: Initializing 'TCD Commons API' 3.5+fabric-1.20.1 as 'TCDCommonsServer'.
[20:49:01] [main/INFO]: Loading Xaero's Minimap - Stage 1/2 (Server)
[20:49:01] [main/INFO]: Loading Xaero's World Map - Stage 1/2 (Server)
[20:49:01] [main/INFO]: Preparing Data Pack injection.
[20:49:01] [main/INFO]: Loaded archive Data Pack from /workspaces/afvs/servidor_minecraft/./config/openloader/data/SkyVillages-FarmersDelightCompat-1.20.1-1.0.3.zip.
[20:49:01] [main/INFO]: Loaded archive Data Pack from /workspaces/afvs/servidor_minecraft/./config/openloader/data/hardening_catalyst_blacklist.zip.
[20:49:01] [main/INFO]: Loaded archive Data Pack from /workspaces/afvs/servidor_minecraft/./config/openloader/data/Scarecrow_Obliterator.zip.
[20:49:01] [main/INFO]: Loaded archive Data Pack from /workspaces/afvs/servidor_minecraft/./config/openloader/data/SkyVillages-GraveyardCompat-1.20.1-1.0.3.zip.
[20:49:01] [main/INFO]: Loaded archive Data Pack from /workspaces/afvs/servidor_minecraft/./config/openloader/data/ElocinDev-Travelers-Comfort-Datapack.zip.
[20:49:01] [main/INFO]: Loaded archive Data Pack from /workspaces/afvs/servidor_minecraft/./config/openloader/data/SkyVillages-SupplementariesCompat-1.20.1-1.0.3.1.zip.
[20:49:01] [main/INFO]: Loaded archive Data Pack from /workspaces/afvs/servidor_minecraft/./config/openloader/data/WDA-NoFlyingStructures-1.18.2-1.19.2.zip.
[20:49:01] [main/INFO]: Loaded archive Data Pack from /workspaces/afvs/servidor_minecraft/./config/openloader/data/GamerAxeRebalance.zip.
[20:49:01] [main/INFO]: Loaded archive Data Pack from /workspaces/afvs/servidor_minecraft/./config/openloader/data/endrem_apoth_compat.zip.
[20:49:01] [main/INFO]: Loaded archive Data Pack from /workspaces/afvs/servidor_minecraft/./config/openloader/data/simplyswords_join_book.zip.
[20:49:01] [main/INFO]: Loaded archive Data Pack from /workspaces/afvs/servidor_minecraft/./config/openloader/data/BE_default_endgen_fix_1.20.x.zip.
[20:49:01] [main/INFO]: Loaded archive Data Pack from /workspaces/afvs/servidor_minecraft/./config/openloader/data/TrophyAdjustments.zip.
[20:49:01] [main/INFO]: Loaded archive Data Pack from /workspaces/afvs/servidor_minecraft/./config/openloader/data/SkyVillages-PracticalPlushiesCompat-1.20.1-1.0.3.2.zip.
[20:49:01] [main/INFO]: Loaded archive Data Pack from /workspaces/afvs/servidor_minecraft/./config/openloader/data/WDA-VanillaLoot-1.18.2-1.19.2-0.0.1.zip.
[20:49:01] [main/INFO]: Loaded archive Data Pack from /workspaces/afvs/servidor_minecraft/./config/openloader/data/auto_fire_hooks.zip.
[20:49:01] [main/INFO]: Loaded archive Data Pack from /workspaces/afvs/servidor_minecraft/./config/openloader/data/ichphilipp-s-endcity-better-end-1-18-1.zip.
[20:49:01] [main/INFO]: Loaded archive Data Pack from /workspaces/afvs/servidor_minecraft/./config/openloader/data/LessStructures-SpacingTweaks-1.20.1-2.1.56.zip.
[20:49:01] [main/INFO]: Loaded archive Data Pack from /workspaces/afvs/servidor_minecraft/./config/openloader/data/SkyVillages-WaystonesCompat-1.20.1-1.0.3-fabric.zip.
[20:49:01] [main/INFO]: Successfully injected 18/18 packs from /workspaces/afvs/servidor_minecraft/./config/openloader/data.
[20:49:01] [main/INFO]: Preparing Data Pack injection.
[20:49:01] [main/INFO]: Loaded archive Data Pack from /workspaces/afvs/servidor_minecraft/./config/openloader/data/SkyVillages-FarmersDelightCompat-1.20.1-1.0.3.zip.
[20:49:01] [main/INFO]: Loaded archive Data Pack from /workspaces/afvs/servidor_minecraft/./config/openloader/data/hardening_catalyst_blacklist.zip.
[20:49:01] [main/INFO]: Loaded archive Data Pack from /workspaces/afvs/servidor_minecraft/./config/openloader/data/Scarecrow_Obliterator.zip.
[20:49:01] [main/INFO]: Loaded archive Data Pack from /workspaces/afvs/servidor_minecraft/./config/openloader/data/SkyVillages-GraveyardCompat-1.20.1-1.0.3.zip.
[20:49:01] [main/INFO]: Loaded archive Data Pack from /workspaces/afvs/servidor_minecraft/./config/openloader/data/ElocinDev-Travelers-Comfort-Datapack.zip.
[20:49:01] [main/INFO]: Loaded archive Data Pack from /workspaces/afvs/servidor_minecraft/./config/openloader/data/SkyVillages-SupplementariesCompat-1.20.1-1.0.3.1.zip.
[20:49:01] [main/INFO]: Loaded archive Data Pack from /workspaces/afvs/servidor_minecraft/./config/openloader/data/WDA-NoFlyingStructures-1.18.2-1.19.2.zip.
[20:49:01] [main/INFO]: Loaded archive Data Pack from /workspaces/afvs/servidor_minecraft/./config/openloader/data/GamerAxeRebalance.zip.
[20:49:01] [main/INFO]: Loaded archive Data Pack from /workspaces/afvs/servidor_minecraft/./config/openloader/data/endrem_apoth_compat.zip.
[20:49:01] [main/INFO]: Loaded archive Data Pack from /workspaces/afvs/servidor_minecraft/./config/openloader/data/simplyswords_join_book.zip.
[20:49:01] [main/INFO]: Loaded archive Data Pack from /workspaces/afvs/servidor_minecraft/./config/openloader/data/BE_default_endgen_fix_1.20.x.zip.
[20:49:01] [main/INFO]: Loaded archive Data Pack from /workspaces/afvs/servidor_minecraft/./config/openloader/data/TrophyAdjustments.zip.
[20:49:01] [main/INFO]: Loaded archive Data Pack from /workspaces/afvs/servidor_minecraft/./config/openloader/data/SkyVillages-PracticalPlushiesCompat-1.20.1-1.0.3.2.zip.
[20:49:01] [main/INFO]: Loaded archive Data Pack from /workspaces/afvs/servidor_minecraft/./config/openloader/data/WDA-VanillaLoot-1.18.2-1.19.2-0.0.1.zip.
[20:49:01] [main/INFO]: Loaded archive Data Pack from /workspaces/afvs/servidor_minecraft/./config/openloader/data/auto_fire_hooks.zip.
[20:49:01] [main/INFO]: Loaded archive Data Pack from /workspaces/afvs/servidor_minecraft/./config/openloader/data/ichphilipp-s-endcity-better-end-1-18-1.zip.
[20:49:01] [main/INFO]: Loaded archive Data Pack from /workspaces/afvs/servidor_minecraft/./config/openloader/data/LessStructures-SpacingTweaks-1.20.1-2.1.56.zip.
[20:49:01] [main/INFO]: Loaded archive Data Pack from /workspaces/afvs/servidor_minecraft/./config/openloader/data/SkyVillages-WaystonesCompat-1.20.1-1.0.3-fabric.zip.
[20:49:01] [main/INFO]: Successfully injected 18/18 packs from /workspaces/afvs/servidor_minecraft/./config/openloader/data.
[20:49:01] [main/INFO]: Environment: authHost='https://authserver.mojang.com', accountsHost='https://api.mojang.com', sessionHost='https://sessionserver.mojang.com', servicesHost='https://api.minecraftservices.com', name='PROD'
[20:49:02] [main/INFO]: [DataFixerAPI] World Patches are disabled
[20:49:02] [main/INFO]: Preparing Data Pack injection.
[20:49:02] [main/INFO]: Loaded archive Data Pack from /workspaces/afvs/servidor_minecraft/./config/openloader/data/SkyVillages-FarmersDelightCompat-1.20.1-1.0.3.zip.
[20:49:02] [main/INFO]: Loaded archive Data Pack from /workspaces/afvs/servidor_minecraft/./config/openloader/data/hardening_catalyst_blacklist.zip.
[20:49:02] [main/INFO]: Loaded archive Data Pack from /workspaces/afvs/servidor_minecraft/./config/openloader/data/Scarecrow_Obliterator.zip.
[20:49:02] [main/INFO]: Loaded archive Data Pack from /workspaces/afvs/servidor_minecraft/./config/openloader/data/SkyVillages-GraveyardCompat-1.20.1-1.0.3.zip.
[20:49:02] [main/INFO]: Loaded archive Data Pack from /workspaces/afvs/servidor_minecraft/./config/openloader/data/ElocinDev-Travelers-Comfort-Datapack.zip.
[20:49:02] [main/INFO]: Loaded archive Data Pack from /workspaces/afvs/servidor_minecraft/./config/openloader/data/SkyVillages-SupplementariesCompat-1.20.1-1.0.3.1.zip.
[20:49:02] [main/INFO]: Loaded archive Data Pack from /workspaces/afvs/servidor_minecraft/./config/openloader/data/WDA-NoFlyingStructures-1.18.2-1.19.2.zip.
[20:49:02] [main/INFO]: Loaded archive Data Pack from /workspaces/afvs/servidor_minecraft/./config/openloader/data/GamerAxeRebalance.zip.
[20:49:02] [main/INFO]: Loaded archive Data Pack from /workspaces/afvs/servidor_minecraft/./config/openloader/data/endrem_apoth_compat.zip.
[20:49:02] [main/INFO]: Loaded archive Data Pack from /workspaces/afvs/servidor_minecraft/./config/openloader/data/simplyswords_join_book.zip.
[20:49:02] [main/INFO]: Loaded archive Data Pack from /workspaces/afvs/servidor_minecraft/./config/openloader/data/BE_default_endgen_fix_1.20.x.zip.
[20:49:02] [main/INFO]: Loaded archive Data Pack from /workspaces/afvs/servidor_minecraft/./config/openloader/data/TrophyAdjustments.zip.
[20:49:02] [main/INFO]: Loaded archive Data Pack from /workspaces/afvs/servidor_minecraft/./config/openloader/data/SkyVillages-PracticalPlushiesCompat-1.20.1-1.0.3.2.zip.
[20:49:02] [main/INFO]: Loaded archive Data Pack from /workspaces/afvs/servidor_minecraft/./config/openloader/data/WDA-VanillaLoot-1.18.2-1.19.2-0.0.1.zip.
[20:49:02] [main/INFO]: Loaded archive Data Pack from /workspaces/afvs/servidor_minecraft/./config/openloader/data/auto_fire_hooks.zip.
[20:49:02] [main/INFO]: Loaded archive Data Pack from /workspaces/afvs/servidor_minecraft/./config/openloader/data/ichphilipp-s-endcity-better-end-1-18-1.zip.
[20:49:02] [main/INFO]: Loaded archive Data Pack from /workspaces/afvs/servidor_minecraft/./config/openloader/data/LessStructures-SpacingTweaks-1.20.1-2.1.56.zip.
[20:49:02] [main/INFO]: Loaded archive Data Pack from /workspaces/afvs/servidor_minecraft/./config/openloader/data/SkyVillages-WaystonesCompat-1.20.1-1.0.3-fabric.zip.
[20:49:02] [main/INFO]: Successfully injected 18/18 packs from /workspaces/afvs/servidor_minecraft/./config/openloader/data.
[20:49:02] [main/INFO]: Generated runtime SERVER_DATA for pack Supplementaries Generated Pack (supplementaries) in: 46 ms
[20:49:02] [main/INFO]: [bclib] Did not manage biome betterend:empty_aurora_cave
[20:49:02] [main/INFO]: [bclib] Did not manage biome betterend:empty_end_cave
[20:49:02] [main/INFO]: [bclib] Did not manage biome betterend:empty_smaragdant_cave
[20:49:02] [main/INFO]: [bclib] Did not manage biome betterend:jade_cave
[20:49:02] [main/INFO]: [bclib] Did not manage biome betterend:lush_aurora_cave
[20:49:02] [main/INFO]: [bclib] Did not manage biome betterend:lush_smaragdant_cave
[20:49:02] [main/INFO]: [bclib] Did not manage biome betterend:megalake_grove
[20:49:02] [main/INFO]: [bclib] Did not manage biome betterend:neon_oasis
[20:49:02] [main/INFO]: [bclib] Did not manage biome betterend:painted_mountains
[20:49:04] [main/INFO]: [bclib] Updating Pickers for BCLib - The End  BiomeSource (494fbb36)
[20:49:04] [main/INFO]: [bclib] Unable to build Biome List yet
[20:49:04] [main/INFO]: [bclib] No Void Biomes found. Disabling by using barrens
[20:49:04] [main/INFO]: [bclib] No Barrens Biomes found. Disabling by using land Biomes
[20:49:04] [main/WARN]: [bclib] No Center Island Biomes found. Forcing use of vanilla center.
[20:49:04] [main/INFO]: [bclib] Make sure features are loaded from terrablender:org.betterx.bclib.api.v2.generator.BCLibEndBiomeSource
[20:49:04] [main/INFO]: [bclib] Updating Pickers for BCLib - Nether BiomeSource (3894426)
[20:49:04] [main/INFO]: [bclib] Unable to build Biome List yet
[20:49:04] [main/INFO]: [bclib] Make sure features are loaded from terrablender:org.betterx.bclib.api.v2.generator.BCLibNetherBiomeSource
[20:49:04] [main/INFO]: [bclib] Updating Pickers for BCLib - The End  BiomeSource (33ec94cd)
[20:49:04] [main/INFO]: [bclib] Unable to build Biome List yet
[20:49:04] [main/INFO]: [bclib] No Void Biomes found. Disabling by using barrens
[20:49:04] [main/INFO]: [bclib] No Barrens Biomes found. Disabling by using land Biomes
[20:49:04] [main/WARN]: [bclib] No Center Island Biomes found. Forcing use of vanilla center.
[20:49:04] [main/INFO]: [bclib] Make sure features are loaded from terrablender:org.betterx.bclib.api.v2.generator.BCLibEndBiomeSource
[20:49:04] [main/INFO]: [bclib] Updating Pickers for BCLib - Nether BiomeSource (7b082855)
[20:49:04] [main/INFO]: [bclib] Unable to build Biome List yet
[20:49:04] [main/INFO]: [bclib] Make sure features are loaded from terrablender:org.betterx.bclib.api.v2.generator.BCLibNetherBiomeSource
[20:49:04] [main/INFO]: [bclib] Updating Pickers for BCLib - The End  BiomeSource (74e95f54)
[20:49:04] [main/INFO]: [bclib] Unable to build Biome List yet
[20:49:04] [main/INFO]: [bclib] No Void Biomes found. Disabling by using barrens
[20:49:04] [main/INFO]: [bclib] No Barrens Biomes found. Disabling by using land Biomes
[20:49:04] [main/WARN]: [bclib] No Center Island Biomes found. Forcing use of vanilla center.
[20:49:04] [main/INFO]: [bclib] Make sure features are loaded from terrablender:org.betterx.bclib.api.v2.generator.BCLibEndBiomeSource
[20:49:04] [main/INFO]: [bclib] Updating Pickers for BCLib - Nether BiomeSource (30fcf6fe)
[20:49:04] [main/INFO]: [bclib] Unable to build Biome List yet
[20:49:04] [main/INFO]: [bclib] Make sure features are loaded from terrablender:org.betterx.bclib.api.v2.generator.BCLibNetherBiomeSource
[20:49:04] [main/INFO]: [bclib] Updating Pickers for BCLib - The End  BiomeSource (78f6eeb2)
[20:49:04] [main/INFO]: [bclib] Unable to build Biome List yet
[20:49:04] [main/INFO]: [bclib] No Void Biomes found. Disabling by using barrens
[20:49:04] [main/INFO]: [bclib] No Barrens Biomes found. Disabling by using land Biomes
[20:49:04] [main/WARN]: [bclib] No Center Island Biomes found. Forcing use of vanilla center.
[20:49:04] [main/INFO]: [bclib] Make sure features are loaded from terrablender:org.betterx.bclib.api.v2.generator.BCLibEndBiomeSource
[20:49:04] [main/INFO]: [bclib] Updating Pickers for BCLib - Nether BiomeSource (a3d01af)
[20:49:04] [main/INFO]: [bclib] Unable to build Biome List yet
[20:49:04] [main/INFO]: [bclib] Make sure features are loaded from terrablender:org.betterx.bclib.api.v2.generator.BCLibNetherBiomeSource
[20:49:06] [main/INFO]: [betternether] Freeze Registry[ResourceKey[minecraft:root / worlds_together:worldgen/betterx/surface_rules] (Stable)]
[20:49:06] [main/INFO]: [betternether] Freeze Registry[ResourceKey[minecraft:root / worlds_together:worldgen/betterx/surface_rules] (Stable)]
[20:49:06] [main/INFO]: [betternether] Freeze Registry[ResourceKey[minecraft:root / worlds_together:worldgen/betterx/surface_rules] (Stable)]
[20:49:06] [main/INFO]: [betternether] Freeze Registry[ResourceKey[minecraft:root / worlds_together:worldgen/betterx/surface_rules] (Stable)]
[20:49:06] [main/WARN]: [bclib] No valid BCLBiome Registry available!
[20:49:06] [main/WARN]: [bclib] No valid Biome Registry available!
[20:49:06] [main/WARN]: Adding spell_power:fire to saved/remote registry.
[20:49:06] [main/WARN]: Adding spell_power:arcane to saved/remote registry.
[20:49:06] [main/WARN]: Adding aquamirae:strong_armor to saved/remote registry.
[20:49:06] [main/WARN]: Adding aquamirae:armor_decrease to saved/remote registry.
[20:49:06] [main/WARN]: Adding spell_power:frost to saved/remote registry.
[20:49:06] [main/INFO]: [fabric-registry-sync] Loaded registry data [file 1/4]
[20:49:06] [main/INFO]: [bclib] Updating Pickers for BCLib - Nether BiomeSource (3b4b42db)
[20:49:06] [main/INFO]: [bclib] Unable to build Biome List yet
[20:49:06] [main/INFO]: [bclib] Make sure features are loaded from terrablender:org.betterx.bclib.api.v2.generator.BCLibNetherBiomeSource
[20:49:06] [main/INFO]: [bclib] Updating Pickers for BCLib - The End  BiomeSource (1a6296b)
[20:49:06] [main/INFO]: [bclib] Unable to build Biome List yet
[20:49:06] [main/INFO]: [bclib] No Void Biomes found. Disabling by using barrens
[20:49:06] [main/INFO]: [bclib] No Barrens Biomes found. Disabling by using land Biomes
[20:49:06] [main/WARN]: [bclib] No Center Island Biomes found. Forcing use of vanilla center.
[20:49:06] [main/INFO]: [bclib] Make sure features are loaded from terrablender:org.betterx.bclib.api.v2.generator.BCLibEndBiomeSource
[20:49:06] [main/INFO]: [betternether] Freeze Registry[ResourceKey[minecraft:root / worlds_together:worldgen/betterx/surface_rules] (Stable)]
[20:49:06] [main/INFO]: [betternether] Freeze Registry[ResourceKey[minecraft:root / worlds_together:worldgen/betterx/surface_rules] (Stable)]
[20:49:07] [Worker-Main-3/ERROR]: [Load My Fucking Tags] Couldn't load certain entries with the tag dummmmmmy:is_explosion: attributeslib:detonation (from fabric)
[20:49:07] [Worker-Main-3/ERROR]: [Load My Fucking Tags] Couldn't load certain entries with the tag dummmmmmy:is_cold: attributeslib:cold_damage (from fabric)
[20:49:07] [Worker-Main-3/ERROR]: [Load My Fucking Tags] Couldn't load certain entries with the tag dummmmmmy:is_fire: attributeslib:fire_damage (from fabric)
[20:49:07] [Worker-Main-2/ERROR]: [Load My Fucking Tags] Couldn't load certain entries with the tag frozenlib:dont_emit_use_game_events: deeperdarker:transmitter (from fabric)
[20:49:07] [Worker-Main-2/WARN]: The following tags are invalid and will be ignored: [c:platinum_gears, c:tin_wires, c:invar_raw_materials, c:aluminum_storage_blocks, c:aeternium_raw_materials, c:raw_apatite_blocks, c:coal_coke_gears, c:constantan_nuggets, c:enderium_raw_materials, c:signalum_rods, c:elementium_ores, c:fluorite_dusts, c:amber_dusts, c:raw_amber_ores, c:diamond_ingots, c:raw_elementium_blocks, c:amber_plates, c:raw_lumium_ores, c:elementium_plates, c:osmium_storage_blocks, c:cobalt_dusts, c:raw_netherite_blocks, c:sapphire_raw_materials, c:amber_raw_materials, c:mithril_dusts, c:netherite_gears, c:steel_ores, c:coal_coke_storage_blocks, c:steel_storage_blocks, c:raw_steel_blocks, c:sapphire_nuggets, c:enderium_storage_blocks, c:peridot_raw_materials, c:obsidian_blocks, c:chrome_plates, c:electrum_raw_materials, c:uranium_raw_materials, c:coal_coke_raw_materials, c:potassium_nitrate_plates, c:raw_diamond_storage_blocks, c:raw_signalum_ores, c:raw_obsidian_ores, c:graphite_dusts, c:amber_ingots, c:brass_gears, c:coal_coke_gems, c:raw_ruby_storage_blocks, c:chrome_wires, c:apatite_gems, c:nickel_raw_materials, c:graphite_gems, c:bronze_wires, c:tungsten_gears, c:zinc_gears, c:chrome_ingots, c:netherite_rods, c:lapis_gears, c:potassium_nitrate_ingots, c:mithril_wires, c:netherite_storage_blocks, c:graphite_gears, c:coal_ingots, c:copper_gems, c:lumium_ores, c:raw_invar_ores, c:mithril_nuggets, c:raw_amber_blocks, c:apatite_dusts, c:raw_graphite_blocks, c:silver_rods, c:fluorite_wires, c:brass_storage_blocks, c:gold_wires, c:tin_storage_blocks, c:raw_aluminum_storage_blocks, c:potassium_nitrate_raw_materials, c:fluorite_plates, c:signalum_nuggets, c:osmium_ores, c:osmium_gears, c:raw_osmium_ores, c:constantan_ores, c:raw_graphite_ores, c:copper_wires, c:netherite_dusts, c:cobalt_gears, c:electrum_ores, c:silver_storage_blocks, c:peridot_ingots, c:raw_emerald_blocks, c:raw_lumium_blocks, c:raw_osmium_storage_blocks, c:lapis_ingots, c:diamond_storage_blocks, c:fluorite_ingots, c:iridium_wires, c:raw_bitumen_storage_blocks, c:signalum_gems, c:raw_mithril_ores, c:coal_gems, c:sapphire_wires, c:aeternium_blocks, c:cinnabar_raw_materials, c:enderium_ingots, c:bitumen_blocks, c:potassium_nitrate_ores, c:sulfur_wires, c:tungsten_raw_materials, c:lead_storage_blocks, c:amber_storage_blocks, c:raw_coal_storage_blocks, c:raw_sapphire_blocks, c:coal_wires, c:cobalt_gems, c:sulfur_gems, c:lead_rods, c:raw_diamond_ores, c:raw_zinc_storage_blocks, c:invar_ores, c:raw_lead_storage_blocks, c:raw_enderium_ores, c:lapis_gems, c:raw_sapphire_storage_blocks, c:mithril_raw_materials, c:charcoal_storage_blocks, c:chrome_dusts, c:zinc_gems, c:raw_lapis_blocks, c:raw_cobalt_ores, c:constantan_blocks, c:raw_coal_coke_blocks, c:charcoal_gems, c:fluorite_ores, c:raw_coal_ores, c:raw_ruby_ores, c:raw_sapphire_ores, c:obsidian_raw_materials, c:steel_wires, c:raw_mithril_blocks, c:raw_gold_storage_blocks, c:elementium_gears, c:apatite_gears, c:osmium_dusts, c:charcoal_gears, c:aeternium_rods, c:signalum_blocks, c:enderium_dusts, c:invar_storage_blocks, c:brass_gems, c:bitumen_plates, c:cinnabar_ingots, c:raw_cinnabar_ores, c:signalum_storage_blocks, c:raw_enderium_blocks, c:raw_aeternium_blocks, c:platinum_storage_blocks, c:raw_silver_storage_blocks, c:lapis_raw_materials, c:bitumen_storage_blocks, c:raw_invar_blocks, c:raw_lapis_storage_blocks, c:bitumen_rods, c:bitumen_ingots, c:diamond_raw_materials, c:cinnabar_wires, c:raw_mithril_storage_blocks, c:uranium_gears, c:aeternium_storage_blocks, c:cinnabar_plates, c:uranium_plates, c:tungsten_gems, c:raw_electrum_blocks, c:raw_netherite_storage_blocks, c:sapphire_gears, c:lead_gems, c:raw_charcoal_blocks, c:chrome_gems, c:elementium_blocks, c:raw_amber_storage_blocks, c:lapis_wires, c:mithril_storage_blocks, c:obsidian_gears, c:elementium_gems, c:raw_osmium_blocks, c:potassium_nitrate_dusts, c:constantan_storage_blocks, c:raw_emerald_ores, c:coal_coke_wires, c:raw_brass_storage_blocks, c:raw_elementium_storage_blocks, c:lumium_storage_blocks, c:cobalt_wires, c:silver_raw_materials, c:amber_gears, c:raw_cobalt_storage_blocks, c:charcoal_rods, c:aeternium_gems, c:cobalt_plates, c:raw_aluminum_blocks, c:peridot_wires, c:raw_constantan_ores, c:gold_storage_blocks, c:emerald_wires, c:emerald_gears, c:elementium_storage_blocks, c:amber_wires, c:cinnabar_nuggets, c:coal_coke_plates, c:cinnabar_storage_blocks, c:raw_coal_coke_ores, c:graphite_ores, c:invar_gems, c:raw_netherite_ores, c:ruby_nuggets, c:graphite_nuggets, c:raw_enderium_storage_blocks, c:lumium_blocks, c:constantan_dusts, c:fluorite_gears, c:netherite_gems, c:raw_nickel_storage_blocks, c:cobalt_ingots, c:cinnabar_rods, c:silver_wires, c:coal_coke_rods, c:elementium_rods, c:zinc_wires, c:cinnabar_gears, c:signalum_ores, c:osmium_ingots, c:raw_charcoal_ores, c:apatite_plates, c:charcoal_nuggets, c:charcoal_plates, c:raw_aeternium_ores, c:bitumen_raw_materials, c:mithril_rods, c:chrome_blocks, c:raw_steel_ores, c:graphite_ingots, c:steel_raw_materials, c:obsidian_nuggets, c:potassium_nitrate_storage_blocks, c:elementium_dusts, c:constantan_raw_materials, c:coal_coke_ingots, c:raw_cinnabar_blocks, c:apatite_raw_materials, c:obsidian_ores, c:nickel_gems, c:amber_rods, c:apatite_wires, c:platinum_rods, c:uranium_wires, c:raw_bitumen_ores, c:chrome_gears, c:cobalt_ores, c:steel_gems, c:iron_wires, c:signalum_wires, c:diamond_rods, c:chrome_storage_blocks, c:signalum_raw_materials, c:apatite_rods, c:fluorite_blocks, c:diamond_gears, c:charcoal_ingots, c:chrome_rods, c:chrome_ores, c:diamond_gems, c:potassium_nitrate_gears, c:sulfur_ores, c:raw_electrum_storage_blocks, c:iridium_gems, c:constantan_gears, c:tin_gems, c:lumium_raw_materials, c:emerald_rods, c:signalum_gears, c:elementium_wires, c:invar_wires, c:netherite_plates, c:bronze_ores, c:charcoal_wires, c:bitumen_dusts, c:sulfur_plates, c:raw_fluorite_ores, c:electrum_gears, c:ruby_gears, c:coal_raw_materials, c:aluminum_raw_materials, c:apatite_ingots, c:osmium_plates, c:graphite_plates, c:fluorite_rods, c:raw_apatite_ores, c:raw_copper_storage_blocks, c:enderium_blocks, c:raw_chrome_ores, c:raw_apatite_storage_blocks, c:chrome_nuggets, c:nickel_gears, c:brass_ores, c:osmium_raw_materials, c:osmium_rods, c:cinnabar_gems, c:raw_tungsten_storage_blocks, c:fluorite_raw_materials, c:lumium_gears, c:bronze_storage_blocks, c:raw_bronze_storage_blocks, c:signalum_plates, c:coal_storage_blocks, c:aluminum_gems, c:raw_cobalt_blocks, c:chrome_raw_materials, c:raw_constantan_storage_blocks, c:elementium_raw_materials, c:bitumen_wires, c:netherite_ores, c:fluorite_nuggets, c:constantan_ingots, c:apatite_storage_blocks, c:charcoal_blocks, c:amber_gems, c:zinc_raw_materials, c:mithril_gems, c:fluorite_storage_blocks, c:nickel_rods, c:peridot_gears, c:iridium_rods, c:aeternium_dusts, c:raw_cinnabar_storage_blocks, c:platinum_gems, c:graphite_raw_materials, c:tin_raw_materials, c:raw_fluorite_storage_blocks, c:raw_aluminum_ores, c:raw_steel_storage_blocks, c:diamond_wires, c:raw_brass_ores, c:raw_electrum_ores, c:amber_nuggets, c:constantan_plates, c:lapis_nuggets, c:iron_storage_blocks, c:bitumen_gems, c:bronze_raw_materials, c:ruby_gems, c:obsidian_storage_blocks, c:lumium_dusts, c:bitumen_nuggets, c:mithril_plates, c:mithril_blocks, c:copper_storage_blocks, c:lumium_plates, c:cinnabar_blocks, c:raw_lapis_ores, c:ruby_storage_blocks, c:bitumen_gears, c:enderium_ores, c:raw_fluorite_blocks, c:uranium_gems, c:potassium_nitrate_blocks, c:raw_coal_blocks, c:peridot_storage_blocks, c:silver_gears, c:amber_blocks, c:raw_bronze_ores, c:raw_diamond_blocks, c:nickel_wires, c:ruby_raw_materials, c:raw_sulfur_storage_blocks, c:lead_gears, c:obsidian_wires, c:raw_peridot_storage_blocks, c:netherite_raw_materials, c:potassium_nitrate_rods, c:raw_peridot_ores, c:coal_coke_nuggets, c:raw_signalum_storage_blocks, c:sulfur_storage_blocks, c:raw_sulfur_ores, c:raw_graphite_storage_blocks, c:elementium_nuggets, c:raw_ruby_blocks, c:raw_tin_storage_blocks, c:iridium_storage_blocks, c:coal_coke_ores, c:netherite_wires, c:cobalt_raw_materials, c:enderium_plates, c:constantan_gems, c:mithril_ingots, c:cobalt_storage_blocks, c:aeternium_plates, c:raw_emerald_storage_blocks, c:lumium_ingots, c:cobalt_nuggets, c:obsidian_gems, c:coal_nuggets, c:sapphire_ingots, c:aluminum_wires, c:ruby_rods, c:brass_wires, c:platinum_raw_materials, c:uranium_storage_blocks, c:bronze_gems, c:raw_sulfur_blocks, c:aeternium_ingots, c:lumium_wires, c:emerald_storage_blocks, c:raw_obsidian_storage_blocks, c:constantan_wires, c:osmium_blocks, c:apatite_ores, c:osmium_gems, c:zinc_rods, c:sulfur_gears, c:raw_constantan_blocks, c:raw_bitumen_blocks, c:lead_raw_materials, c:raw_lumium_storage_blocks, c:brass_raw_materials, c:tungsten_wires, c:sulfur_nuggets, c:graphite_wires, c:lapis_rods, c:graphite_blocks, c:mithril_gears, c:aeternium_ores, c:tungsten_storage_blocks, c:raw_elementium_ores, c:sapphire_rods, c:ruby_wires, c:raw_iridium_storage_blocks, c:zinc_storage_blocks, c:raw_iron_storage_blocks, c:raw_obsidian_blocks, c:coal_coke_blocks, c:signalum_dusts, c:aeternium_gears, c:bitumen_ores, c:raw_potassium_nitrate_ores, c:lumium_gems, c:ruby_ingots, c:enderium_nuggets, c:potassium_nitrate_gems, c:gold_gems, c:peridot_nuggets, c:enderium_rods, c:raw_uranium_storage_blocks, c:iridium_raw_materials, c:osmium_wires, c:sulfur_raw_materials, c:aeternium_wires, c:peridot_rods, c:enderium_gems, c:obsidian_rods, c:electrum_storage_blocks, c:lumium_nuggets, c:aluminum_ores, c:raw_coal_coke_storage_blocks, c:fluorite_gems, c:enderium_wires, c:raw_brass_blocks, c:raw_peridot_blocks, c:mithril_ores, c:sulfur_ingots, c:silver_gems, c:lead_wires, c:emerald_ingots, c:apatite_blocks, c:graphite_storage_blocks, c:enderium_gears, c:charcoal_ores, c:coal_gears, c:raw_signalum_blocks, c:aeternium_nuggets, c:obsidian_ingots, c:sapphire_gems, c:signalum_ingots, c:charcoal_raw_materials, c:constantan_rods, c:elementium_ingots, c:emerald_gems, c:raw_chrome_blocks, c:sulfur_rods, c:emerald_raw_materials, c:amber_ores, c:raw_platinum_storage_blocks, c:raw_potassium_nitrate_blocks, c:sapphire_storage_blocks, c:raw_charcoal_storage_blocks, c:potassium_nitrate_nuggets, c:cobalt_rods, c:raw_bronze_blocks, c:nickel_storage_blocks, c:raw_potassium_nitrate_storage_blocks, c:raw_aeternium_storage_blocks, c:apatite_nuggets, c:iridium_gears, c:lumium_rods, c:coal_coke_dusts, c:graphite_rods, c:coal_rods, c:potassium_nitrate_wires, c:raw_invar_storage_blocks, c:lapis_storage_blocks, c:raw_chrome_storage_blocks, c:platinum_wires, c:iron_gems, c:electrum_gems, c:osmium_nuggets]
[20:49:07] [Worker-Main-3/ERROR]: [Load My Fucking Tags] Couldn't load certain entries with the tag explorations:has_feature/scarecrow/jungle: minecraft: (from data/Scarecrow_Obliterator.zip)
[20:49:07] [Worker-Main-3/ERROR]: [Load My Fucking Tags] Couldn't load certain entries with the tag explorations:has_feature/scarecrow/dark_oak: minecraft: (from data/Scarecrow_Obliterator.zip)
[20:49:07] [Worker-Main-3/ERROR]: [Load My Fucking Tags] Couldn't load certain entries with the tag explorations:has_feature/scarecrow/oak: minecraft: (from data/Scarecrow_Obliterator.zip)
[20:49:07] [Worker-Main-3/ERROR]: [Load My Fucking Tags] Couldn't load certain entries with the tag explorations:has_feature/scarecrow/acacia: minecraft: (from data/Scarecrow_Obliterator.zip)
[20:49:07] [Worker-Main-3/ERROR]: [Load My Fucking Tags] Couldn't load certain entries with the tag explorations:has_feature/scarecrow/birch: minecraft: (from data/Scarecrow_Obliterator.zip)
[20:49:07] [Worker-Main-3/ERROR]: [Load My Fucking Tags] Couldn't load certain entries with the tag explorations:has_feature/scarecrow/spruce: minecraft: (from data/Scarecrow_Obliterator.zip)
[20:49:07] [Worker-Main-3/ERROR]: [Load My Fucking Tags] Couldn't load certain entries with the tag explorations:has_feature/scarecrow/mangrove: minecraft: (from data/Scarecrow_Obliterator.zip)
[20:49:15] [main/INFO]: parsing loot tables
[20:49:15] [main/INFO]: finished parsing loot tables
[20:49:15] [main/INFO]: [bclib] Disabling Recipe: bclib:test_star
[20:49:15] [main/WARN]: Recipe count: 21875
[20:49:15] [main/WARN]: Item 'minecraft:raw_gold' has multiple preferred tags '[c:raw_gold_ores, c:gold_raw_materials]' for recipe replacement. This needs to be manually fixed by the user.
[20:49:15] [main/WARN]: Item 'minecraft:raw_iron' has multiple preferred tags '[c:raw_iron_ores, c:iron_raw_materials]' for recipe replacement. This needs to be manually fixed by the user.
[20:49:15] [main/WARN]: Item 'minecraft:raw_copper' has multiple preferred tags '[c:raw_copper_ores, c:copper_raw_materials]' for recipe replacement. This needs to be manually fixed by the user.
[20:49:21] [main/WARN]: Recipe count afterwards: 21713 (done in 5.895 s)
[20:49:21] [main/WARN]: Your custom createaddition:charging/weathered_copper_shingles recipe (createaddition:charging/weathered_copper_shingles) specified a duration. Durations have no impact on this type of recipe.
[20:49:21] [main/ERROR]: Parsing error loading recipe farmersknives:manasteel_knife
com.google.gson.JsonSyntaxException: Unknown item 'farmersknives:manasteel_knife'
	at net.minecraft.class_1869.method_17878(class_1869.java:272) ~[server-intermediary.jar:?]
	at java.util.Optional.orElseThrow(Optional.java:403) ~[?:?]
	at net.minecraft.class_1869.method_8155(class_1869.java:272) ~[server-intermediary.jar:?]
	at net.minecraft.class_1869.method_35228(class_1869.java:259) ~[server-intermediary.jar:?]
	at net.minecraft.class_1869$class_1870.method_8164(class_1869.java:293) ~[server-intermediary.jar:?]
	at net.minecraft.class_1869$class_1870.method_8121(class_1869.java:279) ~[server-intermediary.jar:?]
	at net.minecraft.class_1863.method_17720(class_1863.java:135) ~[server-intermediary.jar:?]
	at net.minecraft.class_1863.method_20705(class_1863.java:56) ~[server-intermediary.jar:?]
	at net.minecraft.class_1863.method_18788(class_1863.java:35) ~[server-intermediary.jar:?]
	at net.minecraft.class_4080.method_18790(class_4080.java:13) ~[server-intermediary.jar:?]
	at java.util.concurrent.CompletableFuture$UniAccept.tryFire(CompletableFuture.java:718) ~[?:?]
	at java.util.concurrent.CompletableFuture$Completion.run(CompletableFuture.java:482) ~[?:?]
	at net.minecraft.class_4014.method_18365(class_4014.java:69) ~[server-intermediary.jar:?]
	at net.minecraft.class_156.method_43498(class_156.java:950) ~[server-intermediary.jar:?]
	at net.minecraft.class_156.method_43499(class_156.java:938) ~[server-intermediary.jar:?]
	at net.minecraft.server.Main.main(Main.java:160) ~[server-intermediary.jar:?]
	at net.fabricmc.loader.impl.game.minecraft.MinecraftGameProvider.launch(MinecraftGameProvider.java:480) ~[fabric-loader-0.16.3.jar:?]
	at net.fabricmc.loader.impl.launch.knot.Knot.launch(Knot.java:74) ~[fabric-loader-0.16.3.jar:?]
	at net.fabricmc.loader.impl.launch.knot.KnotServer.main(KnotServer.java:23) ~[fabric-loader-0.16.3.jar:?]
	at net.fabricmc.loader.impl.launch.server.FabricServerLauncher.main(FabricServerLauncher.java:69) ~[fabric-loader-0.16.3.jar:?]
	at net.fabricmc.installer.ServerLauncher.main(ServerLauncher.java:69) ~[fabric-server-launch.jar:1.0.1]
[20:49:21] [main/INFO]: [STDOUT]: empty indrev:salt
[20:49:21] [main/WARN]: Your custom createaddition:charging/exposed_copper recipe (createaddition:charging/exposed_copper) specified a duration. Durations have no impact on this type of recipe.
[20:49:21] [main/WARN]: Your custom createaddition:rolling/brass_ingot recipe (createaddition:rolling/brass_ingot) specified a duration. Durations have no impact on this type of recipe.
[20:49:21] [main/WARN]: Your custom createaddition:charging/copper_shingle_stairs recipe (createaddition:charging/copper_shingle_stairs) specified a duration. Durations have no impact on this type of recipe.
[20:49:21] [main/WARN]: Your custom createaddition:rolling/copper_ingot recipe (createaddition:rolling/copper_ingot) specified a duration. Durations have no impact on this type of recipe.
[20:49:21] [main/ERROR]: Parsing error loading recipe endrem:apotheosis_cryptic_eye
com.google.gson.JsonSyntaxException: Invalid or unsupported recipe type 'apotheosis:enchanting'
	at net.minecraft.class_1863.method_17875(class_1863.java:134) ~[server-intermediary.jar:?]
	at java.util.Optional.orElseThrow(Optional.java:403) ~[?:?]
	at net.minecraft.class_1863.method_17720(class_1863.java:134) ~[server-intermediary.jar:?]
	at net.minecraft.class_1863.method_20705(class_1863.java:56) ~[server-intermediary.jar:?]
	at net.minecraft.class_1863.method_18788(class_1863.java:35) ~[server-intermediary.jar:?]
	at net.minecraft.class_4080.method_18790(class_4080.java:13) ~[server-intermediary.jar:?]
	at java.util.concurrent.CompletableFuture$UniAccept.tryFire(CompletableFuture.java:718) ~[?:?]
	at java.util.concurrent.CompletableFuture$Completion.run(CompletableFuture.java:482) ~[?:?]
	at net.minecraft.class_4014.method_18365(class_4014.java:69) ~[server-intermediary.jar:?]
	at net.minecraft.class_156.method_43498(class_156.java:950) ~[server-intermediary.jar:?]
	at net.minecraft.class_156.method_43499(class_156.java:938) ~[server-intermediary.jar:?]
	at net.minecraft.server.Main.main(Main.java:160) ~[server-intermediary.jar:?]
	at net.fabricmc.loader.impl.game.minecraft.MinecraftGameProvider.launch(MinecraftGameProvider.java:480) ~[fabric-loader-0.16.3.jar:?]
	at net.fabricmc.loader.impl.launch.knot.Knot.launch(Knot.java:74) ~[fabric-loader-0.16.3.jar:?]
	at net.fabricmc.loader.impl.launch.knot.KnotServer.main(KnotServer.java:23) ~[fabric-loader-0.16.3.jar:?]
	at net.fabricmc.loader.impl.launch.server.FabricServerLauncher.main(FabricServerLauncher.java:69) ~[fabric-loader-0.16.3.jar:?]
	at net.fabricmc.installer.ServerLauncher.main(ServerLauncher.java:69) ~[fabric-server-launch.jar:1.0.1]
[20:49:21] [main/WARN]: Your custom createaddition:charging/weathered_copper recipe (createaddition:charging/weathered_copper) specified a duration. Durations have no impact on this type of recipe.
[20:49:21] [main/ERROR]: Parsing error loading recipe farmersknives:elementium_knife
com.google.gson.JsonSyntaxException: Unknown item 'farmersknives:elementium_knife'
	at net.minecraft.class_1869.method_17878(class_1869.java:272) ~[server-intermediary.jar:?]
	at java.util.Optional.orElseThrow(Optional.java:403) ~[?:?]
	at net.minecraft.class_1869.method_8155(class_1869.java:272) ~[server-intermediary.jar:?]
	at net.minecraft.class_1869.method_35228(class_1869.java:259) ~[server-intermediary.jar:?]
	at net.minecraft.class_1869$class_1870.method_8164(class_1869.java:293) ~[server-intermediary.jar:?]
	at net.minecraft.class_1869$class_1870.method_8121(class_1869.java:279) ~[server-intermediary.jar:?]
	at net.minecraft.class_1863.method_17720(class_1863.java:135) ~[server-intermediary.jar:?]
	at net.minecraft.class_1863.method_20705(class_1863.java:56) ~[server-intermediary.jar:?]
	at net.minecraft.class_1863.method_18788(class_1863.java:35) ~[server-intermediary.jar:?]
	at net.minecraft.class_4080.method_18790(class_4080.java:13) ~[server-intermediary.jar:?]
	at java.util.concurrent.CompletableFuture$UniAccept.tryFire(CompletableFuture.java:718) ~[?:?]
	at java.util.concurrent.CompletableFuture$Completion.run(CompletableFuture.java:482) ~[?:?]
	at net.minecraft.class_4014.method_18365(class_4014.java:69) ~[server-intermediary.jar:?]
	at net.minecraft.class_156.method_43498(class_156.java:950) ~[server-intermediary.jar:?]
	at net.minecraft.class_156.method_43499(class_156.java:938) ~[server-intermediary.jar:?]
	at net.minecraft.server.Main.main(Main.java:160) ~[server-intermediary.jar:?]
	at net.fabricmc.loader.impl.game.minecraft.MinecraftGameProvider.launch(MinecraftGameProvider.java:480) ~[fabric-loader-0.16.3.jar:?]
	at net.fabricmc.loader.impl.launch.knot.Knot.launch(Knot.java:74) ~[fabric-loader-0.16.3.jar:?]
	at net.fabricmc.loader.impl.launch.knot.KnotServer.main(KnotServer.java:23) ~[fabric-loader-0.16.3.jar:?]
	at net.fabricmc.loader.impl.launch.server.FabricServerLauncher.main(FabricServerLauncher.java:69) ~[fabric-loader-0.16.3.jar:?]
	at net.fabricmc.installer.ServerLauncher.main(ServerLauncher.java:69) ~[fabric-server-launch.jar:1.0.1]
[20:49:21] [main/WARN]: Your custom createaddition:charging/cut_copper_slab recipe (createaddition:charging/cut_copper_slab) specified a duration. Durations have no impact on this type of recipe.
[20:49:21] [main/WARN]: Your custom createaddition:charging/exposed_cut_copper_stairs recipe (createaddition:charging/exposed_cut_copper_stairs) specified a duration. Durations have no impact on this type of recipe.
[20:49:21] [main/WARN]: Your custom createaddition:rolling/electrum_plate recipe (createaddition:rolling/electrum_plate) specified a duration. Durations have no impact on this type of recipe.
[20:49:21] [main/ERROR]: Parsing error loading recipe zenith:sigil_of_rebirth
com.google.gson.JsonSyntaxException: Unknown item 'zenith:gem_dust'
	at net.minecraft.class_1869.method_17878(class_1869.java:272) ~[server-intermediary.jar:?]
	at java.util.Optional.orElseThrow(Optional.java:403) ~[?:?]
	at net.minecraft.class_1869.method_8155(class_1869.java:272) ~[server-intermediary.jar:?]
	at net.minecraft.class_1856.method_8107(class_1856.java:160) ~[server-intermediary.jar:?]
	at net.minecraft.class_1856.method_8102(class_1856.java:143) ~[server-intermediary.jar:?]
	at net.minecraft.class_1869.method_8157(class_1869.java:252) ~[server-intermediary.jar:?]
	at net.minecraft.class_1869$class_1870.method_8164(class_1869.java:285) ~[server-intermediary.jar:?]
	at net.minecraft.class_1869$class_1870.method_8121(class_1869.java:279) ~[server-intermediary.jar:?]
	at net.minecraft.class_1863.method_17720(class_1863.java:135) ~[server-intermediary.jar:?]
	at net.minecraft.class_1863.method_20705(class_1863.java:56) ~[server-intermediary.jar:?]
	at net.minecraft.class_1863.method_18788(class_1863.java:35) ~[server-intermediary.jar:?]
	at net.minecraft.class_4080.method_18790(class_4080.java:13) ~[server-intermediary.jar:?]
	at java.util.concurrent.CompletableFuture$UniAccept.tryFire(CompletableFuture.java:718) ~[?:?]
	at java.util.concurrent.CompletableFuture$Completion.run(CompletableFuture.java:482) ~[?:?]
	at net.minecraft.class_4014.method_18365(class_4014.java:69) ~[server-intermediary.jar:?]
	at net.minecraft.class_156.method_43498(class_156.java:950) ~[server-intermediary.jar:?]
	at net.minecraft.class_156.method_43499(class_156.java:938) ~[server-intermediary.jar:?]
	at net.minecraft.server.Main.main(Main.java:160) ~[server-intermediary.jar:?]
	at net.fabricmc.loader.impl.game.minecraft.MinecraftGameProvider.launch(MinecraftGameProvider.java:480) ~[fabric-loader-0.16.3.jar:?]
	at net.fabricmc.loader.impl.launch.knot.Knot.launch(Knot.java:74) ~[fabric-loader-0.16.3.jar:?]
	at net.fabricmc.loader.impl.launch.knot.KnotServer.main(KnotServer.java:23) ~[fabric-loader-0.16.3.jar:?]
	at net.fabricmc.loader.impl.launch.server.FabricServerLauncher.main(FabricServerLauncher.java:69) ~[fabric-loader-0.16.3.jar:?]
	at net.fabricmc.installer.ServerLauncher.main(ServerLauncher.java:69) ~[fabric-server-launch.jar:1.0.1]
[20:49:21] [main/WARN]: Your custom createaddition:charging/copper_shingle_slab recipe (createaddition:charging/copper_shingle_slab) specified a duration. Durations have no impact on this type of recipe.
[20:49:22] [main/WARN]: Your custom createaddition:rolling/iron_plate recipe (createaddition:rolling/iron_plate) specified a duration. Durations have no impact on this type of recipe.
[20:49:22] [main/ERROR]: Parsing error loading recipe supplementaries:integration/ash_bricks_fd
com.google.gson.JsonParseException: An ingredient entry needs either a tag or an item
	at net.minecraft.class_1856.method_8107(class_1856.java:167) ~[server-intermediary.jar:?]
	at net.minecraft.class_1856.method_8102(class_1856.java:143) ~[server-intermediary.jar:?]
	at net.minecraft.class_1856.method_52177(class_1856.java:135) ~[server-intermediary.jar:?]
	at vectorwing.farmersdelight.common.crafting.CuttingBoardRecipe$Serializer.fromJson(CuttingBoardRecipe.java:176) ~[FarmersDelight-1.20.1-2.1.6+refabricated.jar:?]
	at vectorwing.farmersdelight.common.crafting.CuttingBoardRecipe$Serializer.method_8121(CuttingBoardRecipe.java:166) ~[FarmersDelight-1.20.1-2.1.6+refabricated.jar:?]
	at net.minecraft.class_1863.method_17720(class_1863.java:135) ~[server-intermediary.jar:?]
	at net.minecraft.class_1863.method_20705(class_1863.java:56) ~[server-intermediary.jar:?]
	at net.minecraft.class_1863.method_18788(class_1863.java:35) ~[server-intermediary.jar:?]
	at net.minecraft.class_4080.method_18790(class_4080.java:13) ~[server-intermediary.jar:?]
	at java.util.concurrent.CompletableFuture$UniAccept.tryFire(CompletableFuture.java:718) ~[?:?]
	at java.util.concurrent.CompletableFuture$Completion.run(CompletableFuture.java:482) ~[?:?]
	at net.minecraft.class_4014.method_18365(class_4014.java:69) ~[server-intermediary.jar:?]
	at net.minecraft.class_156.method_43498(class_156.java:950) ~[server-intermediary.jar:?]
	at net.minecraft.class_156.method_43499(class_156.java:938) ~[server-intermediary.jar:?]
	at net.minecraft.server.Main.main(Main.java:160) ~[server-intermediary.jar:?]
	at net.fabricmc.loader.impl.game.minecraft.MinecraftGameProvider.launch(MinecraftGameProvider.java:480) ~[fabric-loader-0.16.3.jar:?]
	at net.fabricmc.loader.impl.launch.knot.Knot.launch(Knot.java:74) ~[fabric-loader-0.16.3.jar:?]
	at net.fabricmc.loader.impl.launch.knot.KnotServer.main(KnotServer.java:23) ~[fabric-loader-0.16.3.jar:?]
	at net.fabricmc.loader.impl.launch.server.FabricServerLauncher.main(FabricServerLauncher.java:69) ~[fabric-loader-0.16.3.jar:?]
	at net.fabricmc.installer.ServerLauncher.main(ServerLauncher.java:69) ~[fabric-server-launch.jar:1.0.1]
[20:49:22] [main/WARN]: Your custom createaddition:rolling/gold_plate recipe (createaddition:rolling/gold_plate) specified a duration. Durations have no impact on this type of recipe.
[20:49:22] [main/WARN]: Your custom createaddition:charging/exposed_cut_copper recipe (createaddition:charging/exposed_cut_copper) specified a duration. Durations have no impact on this type of recipe.
[20:49:22] [main/WARN]: Your custom createaddition:rolling/electrum_ingot recipe (createaddition:rolling/electrum_ingot) specified a duration. Durations have no impact on this type of recipe.
[20:49:22] [main/WARN]: Your custom createaddition:charging/exposed_cut_copper_slab recipe (createaddition:charging/exposed_cut_copper_slab) specified a duration. Durations have no impact on this type of recipe.
[20:49:22] [main/WARN]: Your custom createaddition:charging/weathered_copper_shingle_stairs recipe (createaddition:charging/weathered_copper_shingle_stairs) specified a duration. Durations have no impact on this type of recipe.
[20:49:22] [main/ERROR]: Parsing error loading recipe supplementaries:integration/lapis_bricks_fd
com.google.gson.JsonParseException: An ingredient entry needs either a tag or an item
	at net.minecraft.class_1856.method_8107(class_1856.java:167) ~[server-intermediary.jar:?]
	at net.minecraft.class_1856.method_8102(class_1856.java:143) ~[server-intermediary.jar:?]
	at net.minecraft.class_1856.method_52177(class_1856.java:135) ~[server-intermediary.jar:?]
	at vectorwing.farmersdelight.common.crafting.CuttingBoardRecipe$Serializer.fromJson(CuttingBoardRecipe.java:176) ~[FarmersDelight-1.20.1-2.1.6+refabricated.jar:?]
	at vectorwing.farmersdelight.common.crafting.CuttingBoardRecipe$Serializer.method_8121(CuttingBoardRecipe.java:166) ~[FarmersDelight-1.20.1-2.1.6+refabricated.jar:?]
	at net.minecraft.class_1863.method_17720(class_1863.java:135) ~[server-intermediary.jar:?]
	at net.minecraft.class_1863.method_20705(class_1863.java:56) ~[server-intermediary.jar:?]
	at net.minecraft.class_1863.method_18788(class_1863.java:35) ~[server-intermediary.jar:?]
	at net.minecraft.class_4080.method_18790(class_4080.java:13) ~[server-intermediary.jar:?]
	at java.util.concurrent.CompletableFuture$UniAccept.tryFire(CompletableFuture.java:718) ~[?:?]
	at java.util.concurrent.CompletableFuture$Completion.run(CompletableFuture.java:482) ~[?:?]
	at net.minecraft.class_4014.method_18365(class_4014.java:69) ~[server-intermediary.jar:?]
	at net.minecraft.class_156.method_43498(class_156.java:950) ~[server-intermediary.jar:?]
	at net.minecraft.class_156.method_43499(class_156.java:938) ~[server-intermediary.jar:?]
	at net.minecraft.server.Main.main(Main.java:160) ~[server-intermediary.jar:?]
	at net.fabricmc.loader.impl.game.minecraft.MinecraftGameProvider.launch(MinecraftGameProvider.java:480) ~[fabric-loader-0.16.3.jar:?]
	at net.fabricmc.loader.impl.launch.knot.Knot.launch(Knot.java:74) ~[fabric-loader-0.16.3.jar:?]
	at net.fabricmc.loader.impl.launch.knot.KnotServer.main(KnotServer.java:23) ~[fabric-loader-0.16.3.jar:?]
	at net.fabricmc.loader.impl.launch.server.FabricServerLauncher.main(FabricServerLauncher.java:69) ~[fabric-loader-0.16.3.jar:?]
	at net.fabricmc.installer.ServerLauncher.main(ServerLauncher.java:69) ~[fabric-server-launch.jar:1.0.1]
[20:49:22] [main/ERROR]: Parsing error loading recipe farmersknives:terra_knife
com.google.gson.JsonSyntaxException: Unknown item 'farmersknives:terra_knife'
	at net.minecraft.class_1869.method_17878(class_1869.java:272) ~[server-intermediary.jar:?]
	at java.util.Optional.orElseThrow(Optional.java:403) ~[?:?]
	at net.minecraft.class_1869.method_8155(class_1869.java:272) ~[server-intermediary.jar:?]
	at net.minecraft.class_1869.method_35228(class_1869.java:259) ~[server-intermediary.jar:?]
	at net.minecraft.class_1869$class_1870.method_8164(class_1869.java:293) ~[server-intermediary.jar:?]
	at net.minecraft.class_1869$class_1870.method_8121(class_1869.java:279) ~[server-intermediary.jar:?]
	at net.minecraft.class_1863.method_17720(class_1863.java:135) ~[server-intermediary.jar:?]
	at net.minecraft.class_1863.method_20705(class_1863.java:56) ~[server-intermediary.jar:?]
	at net.minecraft.class_1863.method_18788(class_1863.java:35) ~[server-intermediary.jar:?]
	at net.minecraft.class_4080.method_18790(class_4080.java:13) ~[server-intermediary.jar:?]
	at java.util.concurrent.CompletableFuture$UniAccept.tryFire(CompletableFuture.java:718) ~[?:?]
	at java.util.concurrent.CompletableFuture$Completion.run(CompletableFuture.java:482) ~[?:?]
	at net.minecraft.class_4014.method_18365(class_4014.java:69) ~[server-intermediary.jar:?]
	at net.minecraft.class_156.method_43498(class_156.java:950) ~[server-intermediary.jar:?]
	at net.minecraft.class_156.method_43499(class_156.java:938) ~[server-intermediary.jar:?]
	at net.minecraft.server.Main.main(Main.java:160) ~[server-intermediary.jar:?]
	at net.fabricmc.loader.impl.game.minecraft.MinecraftGameProvider.launch(MinecraftGameProvider.java:480) ~[fabric-loader-0.16.3.jar:?]
	at net.fabricmc.loader.impl.launch.knot.Knot.launch(Knot.java:74) ~[fabric-loader-0.16.3.jar:?]
	at net.fabricmc.loader.impl.launch.knot.KnotServer.main(KnotServer.java:23) ~[fabric-loader-0.16.3.jar:?]
	at net.fabricmc.loader.impl.launch.server.FabricServerLauncher.main(FabricServerLauncher.java:69) ~[fabric-loader-0.16.3.jar:?]
	at net.fabricmc.installer.ServerLauncher.main(ServerLauncher.java:69) ~[fabric-server-launch.jar:1.0.1]
[20:49:22] [main/ERROR]: Parsing error loading recipe simplyskills:malevolent_manuscript
com.google.gson.JsonSyntaxException: Unknown item 'simplyskills:malevolent_manuscript'
	at net.minecraft.class_1869.method_17878(class_1869.java:272) ~[server-intermediary.jar:?]
	at java.util.Optional.orElseThrow(Optional.java:403) ~[?:?]
	at net.minecraft.class_1869.method_8155(class_1869.java:272) ~[server-intermediary.jar:?]
	at net.minecraft.class_1869.method_35228(class_1869.java:259) ~[server-intermediary.jar:?]
	at net.minecraft.class_1869$class_1870.method_8164(class_1869.java:293) ~[server-intermediary.jar:?]
	at net.minecraft.class_1869$class_1870.method_8121(class_1869.java:279) ~[server-intermediary.jar:?]
	at net.minecraft.class_1863.method_17720(class_1863.java:135) ~[server-intermediary.jar:?]
	at net.minecraft.class_1863.method_20705(class_1863.java:56) ~[server-intermediary.jar:?]
	at net.minecraft.class_1863.method_18788(class_1863.java:35) ~[server-intermediary.jar:?]
	at net.minecraft.class_4080.method_18790(class_4080.java:13) ~[server-intermediary.jar:?]
	at java.util.concurrent.CompletableFuture$UniAccept.tryFire(CompletableFuture.java:718) ~[?:?]
	at java.util.concurrent.CompletableFuture$Completion.run(CompletableFuture.java:482) ~[?:?]
	at net.minecraft.class_4014.method_18365(class_4014.java:69) ~[server-intermediary.jar:?]
	at net.minecraft.class_156.method_43498(class_156.java:950) ~[server-intermediary.jar:?]
	at net.minecraft.class_156.method_43499(class_156.java:938) ~[server-intermediary.jar:?]
	at net.minecraft.server.Main.main(Main.java:160) ~[server-intermediary.jar:?]
	at net.fabricmc.loader.impl.game.minecraft.MinecraftGameProvider.launch(MinecraftGameProvider.java:480) ~[fabric-loader-0.16.3.jar:?]
	at net.fabricmc.loader.impl.launch.knot.Knot.launch(Knot.java:74) ~[fabric-loader-0.16.3.jar:?]
	at net.fabricmc.loader.impl.launch.knot.KnotServer.main(KnotServer.java:23) ~[fabric-loader-0.16.3.jar:?]
	at net.fabricmc.loader.impl.launch.server.FabricServerLauncher.main(FabricServerLauncher.java:69) ~[fabric-loader-0.16.3.jar:?]
	at net.fabricmc.installer.ServerLauncher.main(ServerLauncher.java:69) ~[fabric-server-launch.jar:1.0.1]
[20:49:22] [main/WARN]: Your custom createaddition:rolling/iron_ingot recipe (createaddition:rolling/iron_ingot) specified a duration. Durations have no impact on this type of recipe.
[20:49:22] [main/WARN]: Your custom createaddition:charging/copper_shingles recipe (createaddition:charging/copper_shingles) specified a duration. Durations have no impact on this type of recipe.
[20:49:22] [main/WARN]: Your custom createaddition:charging/copper_block recipe (createaddition:charging/copper_block) specified a duration. Durations have no impact on this type of recipe.
[20:49:22] [main/WARN]: Your custom create:splashing recipe (estrogen:splashing/thigh_high_washing) specified a duration. Durations have no impact on this type of recipe.
[20:49:22] [main/WARN]: Your custom createaddition:rolling/gold_ingot recipe (createaddition:rolling/gold_ingot) specified a duration. Durations have no impact on this type of recipe.
[20:49:22] [main/WARN]: Your custom createaddition:rolling/straw recipe (createaddition:rolling/straw) specified a duration. Durations have no impact on this type of recipe.
[20:49:22] [main/WARN]: Your custom createaddition:charging/exposed_copper_shingle_stairs recipe (createaddition:charging/exposed_copper_shingle_stairs) specified a duration. Durations have no impact on this type of recipe.
[20:49:22] [main/WARN]: Your custom createaddition:charging/cut_copper_block recipe (createaddition:charging/cut_copper_block) specified a duration. Durations have no impact on this type of recipe.
[20:49:22] [main/WARN]: Your custom createaddition:charging/channeling recipe (createaddition:charging/channeling) specified a duration. Durations have no impact on this type of recipe.
[20:49:22] [main/WARN]: Your custom createaddition:charging/weathered_cut_copper_stairs recipe (createaddition:charging/weathered_cut_copper_stairs) specified a duration. Durations have no impact on this type of recipe.
[20:49:22] [main/WARN]: Your custom createaddition:compat/ae2/charged_certus_quartz recipe (createaddition:compat/ae2/charged_certus_quartz) specified a duration. Durations have no impact on this type of recipe.
[20:49:22] [main/ERROR]: Parsing error loading recipe farmersknives:cryomarble_knife
com.google.gson.JsonSyntaxException: Missing field template
	at net.minecraft.class_3518.method_52226(class_3518.java:110) ~[server-intermediary.jar:?]
	at net.minecraft.class_8060$class_8061.method_48455(class_8060.java:87) ~[server-intermediary.jar:?]
	at net.minecraft.class_8060$class_8061.method_8121(class_8060.java:84) ~[server-intermediary.jar:?]
	at net.minecraft.class_1863.method_17720(class_1863.java:135) ~[server-intermediary.jar:?]
	at net.minecraft.class_1863.method_20705(class_1863.java:56) ~[server-intermediary.jar:?]
	at net.minecraft.class_1863.method_18788(class_1863.java:35) ~[server-intermediary.jar:?]
	at net.minecraft.class_4080.method_18790(class_4080.java:13) ~[server-intermediary.jar:?]
	at java.util.concurrent.CompletableFuture$UniAccept.tryFire(CompletableFuture.java:718) ~[?:?]
	at java.util.concurrent.CompletableFuture$Completion.run(CompletableFuture.java:482) ~[?:?]
	at net.minecraft.class_4014.method_18365(class_4014.java:69) ~[server-intermediary.jar:?]
	at net.minecraft.class_156.method_43498(class_156.java:950) ~[server-intermediary.jar:?]
	at net.minecraft.class_156.method_43499(class_156.java:938) ~[server-intermediary.jar:?]
	at net.minecraft.server.Main.main(Main.java:160) ~[server-intermediary.jar:?]
	at net.fabricmc.loader.impl.game.minecraft.MinecraftGameProvider.launch(MinecraftGameProvider.java:480) ~[fabric-loader-0.16.3.jar:?]
	at net.fabricmc.loader.impl.launch.knot.Knot.launch(Knot.java:74) ~[fabric-loader-0.16.3.jar:?]
	at net.fabricmc.loader.impl.launch.knot.KnotServer.main(KnotServer.java:23) ~[fabric-loader-0.16.3.jar:?]
	at net.fabricmc.loader.impl.launch.server.FabricServerLauncher.main(FabricServerLauncher.java:69) ~[fabric-loader-0.16.3.jar:?]
	at net.fabricmc.installer.ServerLauncher.main(ServerLauncher.java:69) ~[fabric-server-launch.jar:1.0.1]
[20:49:22] [main/WARN]: Your custom createaddition:charging/exposed_copper_shingles recipe (createaddition:charging/exposed_copper_shingles) specified a duration. Durations have no impact on this type of recipe.
[20:49:22] [main/WARN]: Your custom createaddition:charging/weathered_cut_copper recipe (createaddition:charging/weathered_cut_copper) specified a duration. Durations have no impact on this type of recipe.
[20:49:22] [main/WARN]: Your custom createaddition:charging/cut_copper_stairs recipe (createaddition:charging/cut_copper_stairs) specified a duration. Durations have no impact on this type of recipe.
[20:49:22] [main/WARN]: Your custom createaddition:charging/weathered_cut_copper_slab recipe (createaddition:charging/weathered_cut_copper_slab) specified a duration. Durations have no impact on this type of recipe.
[20:49:22] [main/WARN]: Your custom createaddition:rolling/copper_plate recipe (createaddition:rolling/copper_plate) specified a duration. Durations have no impact on this type of recipe.
[20:49:22] [main/WARN]: Your custom createaddition:charging/weathered_copper_shingle_slab recipe (createaddition:charging/weathered_copper_shingle_slab) specified a duration. Durations have no impact on this type of recipe.
[20:49:22] [main/ERROR]: Parsing error loading recipe zenith:sigil_of_enhancement
com.google.gson.JsonSyntaxException: Unknown item 'zenith:gem_dust'
	at net.minecraft.class_1869.method_17878(class_1869.java:272) ~[server-intermediary.jar:?]
	at java.util.Optional.orElseThrow(Optional.java:403) ~[?:?]
	at net.minecraft.class_1869.method_8155(class_1869.java:272) ~[server-intermediary.jar:?]
	at net.minecraft.class_1856.method_8107(class_1856.java:160) ~[server-intermediary.jar:?]
	at net.minecraft.class_1856.method_8102(class_1856.java:143) ~[server-intermediary.jar:?]
	at net.minecraft.class_1869.method_8157(class_1869.java:252) ~[server-intermediary.jar:?]
	at net.minecraft.class_1869$class_1870.method_8164(class_1869.java:285) ~[server-intermediary.jar:?]
	at net.minecraft.class_1869$class_1870.method_8121(class_1869.java:279) ~[server-intermediary.jar:?]
	at net.minecraft.class_1863.method_17720(class_1863.java:135) ~[server-intermediary.jar:?]
	at net.minecraft.class_1863.method_20705(class_1863.java:56) ~[server-intermediary.jar:?]
	at net.minecraft.class_1863.method_18788(class_1863.java:35) ~[server-intermediary.jar:?]
	at net.minecraft.class_4080.method_18790(class_4080.java:13) ~[server-intermediary.jar:?]
	at java.util.concurrent.CompletableFuture$UniAccept.tryFire(CompletableFuture.java:718) ~[?:?]
	at java.util.concurrent.CompletableFuture$Completion.run(CompletableFuture.java:482) ~[?:?]
	at net.minecraft.class_4014.method_18365(class_4014.java:69) ~[server-intermediary.jar:?]
	at net.minecraft.class_156.method_43498(class_156.java:950) ~[server-intermediary.jar:?]
	at net.minecraft.class_156.method_43499(class_156.java:938) ~[server-intermediary.jar:?]
	at net.minecraft.server.Main.main(Main.java:160) ~[server-intermediary.jar:?]
	at net.fabricmc.loader.impl.game.minecraft.MinecraftGameProvider.launch(MinecraftGameProvider.java:480) ~[fabric-loader-0.16.3.jar:?]
	at net.fabricmc.loader.impl.launch.knot.Knot.launch(Knot.java:74) ~[fabric-loader-0.16.3.jar:?]
	at net.fabricmc.loader.impl.launch.knot.KnotServer.main(KnotServer.java:23) ~[fabric-loader-0.16.3.jar:?]
	at net.fabricmc.loader.impl.launch.server.FabricServerLauncher.main(FabricServerLauncher.java:69) ~[fabric-loader-0.16.3.jar:?]
	at net.fabricmc.installer.ServerLauncher.main(ServerLauncher.java:69) ~[fabric-server-launch.jar:1.0.1]
[20:49:22] [main/WARN]: Your custom createaddition:charging/exposed_copper_shingle_slab recipe (createaddition:charging/exposed_copper_shingle_slab) specified a duration. Durations have no impact on this type of recipe.
[20:49:22] [main/INFO]: Loaded 145 recipes
[20:49:22] [main/WARN]: Recipe without matching ID:zenith:potion_charm_enchanting
[20:49:22] [main/ERROR]: Parsing error loading custom advancement copycats:recipes/crafting/copycat_step_from_conversion: Missing criteria, expected to find a JsonObject
[20:49:22] [main/ERROR]: Parsing error loading custom advancement copycats:recipes/crafting/copycat_layer_from_half_layers: Missing criteria, expected to find a JsonObject
[20:49:22] [main/ERROR]: Parsing error loading custom advancement indrev:mk4_upgrade: Failed to parse 'location' field
[20:49:22] [main/ERROR]: Parsing error loading custom advancement copycats:recipes/crafting/copycat_trapdoor_from_conversion: Missing criteria, expected to find a JsonObject
[20:49:22] [main/ERROR]: Parsing error loading custom advancement copycats:recipes/crafting/copycat_vertical_slice_from_conversion: Missing criteria, expected to find a JsonObject
[20:49:22] [main/ERROR]: Parsing error loading custom advancement copycats:recipes/crafting/copycat_slice_from_conversion: Missing criteria, expected to find a JsonObject
[20:49:22] [main/ERROR]: Parsing error loading custom advancement copycats:recipes/crafting/copycat_slab_from_steps: Missing criteria, expected to find a JsonObject
[20:49:22] [main/ERROR]: Parsing error loading custom advancement copycats:recipes/crafting/copycat_panel_from_conversion: Missing criteria, expected to find a JsonObject
[20:49:22] [main/ERROR]: Parsing error loading custom advancement copycats:recipes/crafting/copycat_vertical_stairs_from_conversion: Missing criteria, expected to find a JsonObject
[20:49:22] [main/ERROR]: Parsing error loading custom advancement copycats:recipes/crafting/copycat_block_from_slabs: Missing criteria, expected to find a JsonObject
[20:49:22] [main/ERROR]: Parsing error loading custom advancement copycats:recipes/crafting/copycat_vertical_slope_from_conversion: Missing criteria, expected to find a JsonObject
[20:49:22] [main/ERROR]: Parsing error loading custom advancement copycats:recipes/crafting/copycat_vertical_step_from_conversion: Missing criteria, expected to find a JsonObject
[20:49:22] [main/ERROR]: Parsing error loading custom advancement explorerscompass:explorers_compass_cobweb: Expected items to be a JsonArray, was "min...eb"
[20:49:22] [main/ERROR]: Parsing error loading custom advancement explorerscompass:explorers_compass_cracked_stone_bricks: Expected items to be a JsonArray, was "min...ks"
[20:49:22] [main/ERROR]: Parsing error loading custom advancement copycats:recipes/crafting/copycat_slab_from_beams: Missing criteria, expected to find a JsonObject
[20:49:22] [main/ERROR]: Parsing error loading custom advancement copycats:recipes/crafting/copycat_slab_from_panels: Missing criteria, expected to find a JsonObject
[20:49:22] [main/ERROR]: Parsing error loading custom advancement simplyswords:grant_book_on_first_join: Missing criteria, expected to find a JsonObject
[20:49:22] [main/ERROR]: Parsing error loading custom advancement copycats:recipes/crafting/copycat_stairs_from_conversion: Missing criteria, expected to find a JsonObject
[20:49:22] [main/ERROR]: Parsing error loading custom advancement indrev:mk3_upgrade: Failed to parse 'location' field
[20:49:22] [main/ERROR]: Parsing error loading custom advancement copycats:recipes/crafting/copycat_panel_from_half_panels: Missing criteria, expected to find a JsonObject
[20:49:22] [main/ERROR]: Parsing error loading custom advancement indrev:mk2_upgrade: Failed to parse 'location' field
[20:49:22] [main/ERROR]: Parsing error loading custom advancement naturescompass:natures_compass: Expected items to be a JsonArray, was "min...ss"
[20:49:22] [main/ERROR]: Parsing error loading custom advancement copycats:recipes/crafting/copycat_slope_from_conversion: Missing criteria, expected to find a JsonObject
[20:49:22] [main/ERROR]: Parsing error loading custom advancement explorerscompass:explorers_compass: Expected items to be a JsonArray, was "min...ss"
[20:49:22] [main/ERROR]: Parsing error loading custom advancement copycats:recipes/crafting/copycat_catwalk: Missing criteria, expected to find a JsonObject
[20:49:22] [main/ERROR]: Parsing error loading custom advancement copycats:recipes/crafting/copycat_box: Missing criteria, expected to find a JsonObject
[20:49:22] [main/INFO]: Loaded 14257 advancements
[20:49:22] [main/INFO]: Registered 16 gear_sets.
[20:49:22] [main/INFO]: Registered 34 enchanting_stats.
[20:49:22] [main/WARN]: Outdated config schema! Config might not work correctly. Current schema is 2.
[20:49:22] [main/INFO]: Loaded 9 turtle upgrades
[20:49:22] [main/INFO]: Loaded 3 pocket computer upgrades
[20:49:22] [main/INFO]: Loaded 0 item attribute modifiers
[20:49:22] [main/WARN]: Parsing loot modifiers for:lootintegrations:dungeonloot_nether with loottable: minecraft:chests/nether_bridge
[20:49:22] [main/WARN]: Parsing loot modifiers for:lootintegrations:dungeonloot_hard with loottable: minecraft:chests/end_city_treasure
[20:49:22] [main/WARN]: Parsing loot modifiers for:lootintegrations:dungeonloot_water with loottable: minecraft:chests/underwater_ruin_big
[20:49:22] [main/WARN]: Parsing loot modifiers for:lootintegrations:dungeonloot_medium with loottable: minecraft:chests/stronghold_crossing
[20:49:22] [main/WARN]: Parsing loot modifiers for:lootintegrations:villageloot_house with loottable: minecraft:chests/village/village_plains_house
[20:49:22] [main/WARN]: Parsing loot modifiers for:lootintegrations:dungeonloot_easy with loottable: minecraft:chests/simple_dungeon
[20:49:22] [main/WARN]: Parsing loot modifiers for:lootintegrations:dungeonloot_no_overflow with loottable: minecraft:chests/simple_dungeon
[20:49:22] [main/INFO]: Reloading Spawner Rune data...
[20:49:22] [main/INFO]: Reloading config...
[20:49:22] [main/WARN]: Could not decode GlobalLootModifier with json id supplementaries:ash_from_burning_mobs - error: Unknown registry key in ResourceKey[minecraft:root / porting_lib:global_loot_modifier_serializers]: moonlight:add_item
[20:49:22] [main/WARN]: Could not decode GlobalLootModifier with json id supplementaries:straw_from_flax - error: Unknown registry key in ResourceKey[minecraft:root / porting_lib:global_loot_modifier_serializers]: moonlight:add_item
[20:49:22] [main/WARN]: Could not decode GlobalLootModifier with json id supplementaries:fishing_antique_ink - error: Unknown registry key in ResourceKey[minecraft:root / porting_lib:global_loot_modifier_serializers]: moonlight:add_item
[20:49:22] [main/WARN]: Could not decode GlobalLootModifier with json id supplementaries:fishing_antique_ink_treasure - error: Unknown registry key in ResourceKey[minecraft:root / porting_lib:global_loot_modifier_serializers]: moonlight:add_item
[20:49:22] [main/WARN]: Could not decode GlobalLootModifier with json id zenith:affix_conversion - error: Unknown registry key in ResourceKey[minecraft:root / porting_lib:global_loot_modifier_serializers]: zenith:affix_conversion
[20:49:22] [main/WARN]: Could not decode GlobalLootModifier with json id zenith:affix_loot - error: Unknown registry key in ResourceKey[minecraft:root / porting_lib:global_loot_modifier_serializers]: zenith:affix_loot
[20:49:22] [main/WARN]: Could not decode GlobalLootModifier with json id zenith:gems - error: Unknown registry key in ResourceKey[minecraft:root / porting_lib:global_loot_modifier_serializers]: zenith:gems
[20:49:22] [main/WARN]: Could not decode GlobalLootModifier with json id zenith:affix_hook - error: Unknown registry key in ResourceKey[minecraft:root / porting_lib:global_loot_modifier_serializers]: zenith:affix_hook
[20:49:22] [main/INFO]: [Fabric Seasons] Successfully loaded 118 custom crop configs.
[20:49:22] [main/INFO]: Loaded 27 flute songs
[20:49:22] [main/INFO]: Loaded 3 global temperature effects
[20:49:22] [main/INFO]: Loaded 12 type specific temperature effects
[20:49:22] [main/INFO]: Loaded 156 recipes
[20:49:22] [main/INFO]: Deserializing default trades of profession: villagersplus:alchemist
[20:49:22] [main/INFO]: Deserializing default trades of profession: villagersplus:horticulturist
[20:49:22] [main/INFO]: Deserializing default trades of profession: villagersplus:occultist
[20:49:22] [main/INFO]: Deserializing default trades of profession: villagersplus:oceanographer
[20:49:22] [main/INFO]: Reloading grave shape (server)
[20:49:22] [main/INFO]: Grave model and shape reload successful (server)
[20:49:22] [main/INFO]: Reloading YIGD graveyard data (server)
[20:49:22] [main/INFO]: Graveyard data successfully reloaded (server)
[20:49:22] [main/INFO]: Reloading YIGD grave area overrides (server)
[20:49:22] [main/INFO]: Grave area overrides successfully reloaded (server)
[20:49:23] [main/WARN]: Not all defined tags for registry ResourceKey[minecraft:root / minecraft:worldgen/biome] are present in data pack: c:biomes_that_dont_exist
[20:49:23] [main/INFO]: Finished additional setup in 28 ms
[20:49:23] [main/INFO]: Applied 7 data villager trades
[20:49:23] [main/INFO]: Cleared non-static resources for pack supplementaries:generated_pack in: 0 ms
[20:49:23] [main/ERROR]: [worlds_together] Unable to parse Version in jar:file:///workspaces/afvs/servidor_minecraft/mods/netherdepthsupgrade-fabric-3.1.1-1.20.jar
[20:49:23] [main/ERROR]: [worlds_together] Unable to parse Version in jar:file:///workspaces/afvs/servidor_minecraft/mods/geophilic-v2.1.0-mc1.20u1.20.2.jar
[20:49:23] [main/ERROR]: [worlds_together] Unable to parse Version in jar:file:///workspaces/afvs/servidor_minecraft/mods/explorify-v1.3.0-mc1.20.jar
[20:49:23] [main/ERROR]: [worlds_together] Unable to parse Version in jar:file:///workspaces/afvs/servidor_minecraft/mods/oceansdelight-fdrf-fabric-1.0.2-1.20.jar
[20:49:23] [main/ERROR]: [worlds_together] Unable to parse Version in jar:file:///workspaces/afvs/servidor_minecraft/mods/Death_Knights-0.6.1beta+1.20.1.jar
[20:49:24] [main/ERROR]: [worlds_together] Unable to parse Version in jar:file:///workspaces/afvs/servidor_minecraft/mods/wither_spawn_fix-MC1.20.1-1.0.0.jar
[20:49:24] [main/ERROR]: [worlds_together] Unable to parse Version in jar:file:///workspaces/afvs/servidor_minecraft/mods/ends_delight-refabricated-1.20.1-alpha-1.0.jar
[20:49:24] [main/ERROR]: [worlds_together] Unable to parse Version in jar:file:///workspaces/afvs/servidor_minecraft/mods/travelersbackpack-fabric-1.20.1-9.1.15.jar
[20:49:24] [main/INFO]: [bclib] Updating Pickers for BCLib - The End  BiomeSource (1a6296b)
[20:49:24] [main/INFO]: [bclib] Updating Pickers for BCLib - Nether BiomeSource (3b4b42db)
[20:49:24] [main/INFO]: Mixing server.MixinDedicatedServer from mixins/common/nochatreports.mixins.json into net.minecraft.class_3176
[20:49:24] [main/INFO]: Mixing server.MixinPlayerList from mixins/common/nochatreports.mixins.json into net.minecraft.class_3324
[20:49:25] [main/INFO]: Initialized TerraBlender biomes for level stem minecraft:overworld
[20:49:25] [main/INFO]: Applied 13634 biome modifications to 225 of 225 new biomes in 307.4 ms
[20:49:25] [Server thread/INFO]: Loading server config for barteringstation
[20:49:25] [Thread-3/INFO]: Reloading server config for barteringstation
[20:49:25] [Thread-3/INFO]: Reloading server config for barteringstation
[20:49:25] [Server thread/INFO]: Loading server config for leavesbegone
[20:49:25] [Thread-3/INFO]: Reloading server config for leavesbegone
[20:49:25] [Thread-3/INFO]: Reloading server config for leavesbegone
[20:49:25] [Server thread/INFO]: Loading server config for magnumtorch
[20:49:25] [Thread-3/INFO]: Reloading server config for magnumtorch
[20:49:25] [Server thread/INFO]: Loading server config for netherchested
[20:49:25] [Thread-3/INFO]: Reloading server config for netherchested
[20:49:25] [Server thread/INFO]: Loading server config for puzzlesapi
[20:49:25] [Thread-3/INFO]: Reloading server config for netherchested
[20:49:25] [Server thread/INFO]: Loading server config for tradingpost
[20:49:25] [Thread-3/INFO]: Reloading server config for tradingpost
[20:49:25] [Thread-3/INFO]: Reloading server config for tradingpost
[20:49:25] [Server thread/INFO]: loaded team data: 4 known players, 5 teams total
[20:49:25] [Server thread/INFO]: Loading config from ./world/serverconfig/computercraft-server.toml
[20:49:25] [Server thread/INFO]: Adding waystone fwaystones:village_waystone to village kaisyn:village/sparse_jungle_polynesian/houses
[20:49:25] [Server thread/INFO]: Adding waystone fwaystones:village_waystone to village kaisyn:village/flower_forest_japanese/houses
[20:49:25] [Server thread/INFO]: Adding waystone fwaystones:village_waystone to village kaisyn:village/swamp_boat/houses
[20:49:25] [Server thread/INFO]: Adding waystone fwaystones:village_waystone to village minecraft:village/savanna/houses
[20:49:25] [Server thread/INFO]: Adding waystone fwaystones:village_waystone to village minecraft:village/plains/houses
[20:49:25] [Server thread/INFO]: Adding waystone fwaystones:village_waystone to village kaisyn:village/badlands_pueblo/houses
[20:49:25] [Server thread/INFO]: Adding waystone fwaystones:village_waystone to village kaisyn:village/sunflower_plains_farm/side/farms
[20:49:25] [Server thread/INFO]: Adding waystone fwaystones:village_waystone to village kaisyn:village/exclusives/tudor/houses
[20:49:25] [Server thread/INFO]: Adding waystone fwaystones:village_waystone to village kaisyn:village/exclusives/mediterranean/houses/regular
[20:49:25] [Server thread/INFO]: Adding waystone fwaystones:village_waystone to village kaisyn:village/snowy_slopes_inn/decor
[20:49:25] [Server thread/INFO]: Adding waystone fwaystones:village_waystone to village kaisyn:village/grove_villager_outpost/decor
[20:49:25] [Server thread/INFO]: Adding waystone fwaystones:village_waystone to village minecraft:village/taiga/houses
[20:49:25] [Server thread/INFO]: Adding waystone fwaystones:village_waystone to village kaisyn:village/meadow_swiss/houses
[20:49:25] [Server thread/INFO]: Adding waystone fwaystones:village_waystone to village kaisyn:village/exclusives/iberian/houses
[20:49:25] [Server thread/INFO]: Adding waystone fwaystones:village_waystone to village kaisyn:village/snowy_taiga_viking/houses
[20:49:25] [Server thread/INFO]: Adding waystone fwaystones:village_waystone to village kaisyn:village/birch_forest_romanian/houses
[20:49:25] [Server thread/INFO]: Adding waystone fwaystones:village_waystone to village kaisyn:village/jungle_tribal/houses
[20:49:25] [Server thread/INFO]: Adding waystone fwaystones:village_waystone to village kaisyn:village/beach_lighthouse/side/cross
[20:49:25] [Server thread/INFO]: Adding waystone fwaystones:village_waystone to village minecraft:village/snowy/houses
[20:49:25] [Server thread/INFO]: Adding waystone fwaystones:village_waystone to village kaisyn:village/mushroom_fields_fantasy/houses
[20:49:25] [Server thread/INFO]: Adding waystone fwaystones:village_waystone to village kaisyn:village/old_growth_taiga_polish/houses
[20:49:25] [Server thread/INFO]: Adding waystone fwaystones:village_waystone to village kaisyn:village/exclusives/rustic/houses
[20:49:25] [Server thread/INFO]: Adding waystone fwaystones:desert_village_waystone to village minecraft:village/desert/houses
[20:49:25] [Server thread/INFO]: Adding waystone fwaystones:village_waystone to village kaisyn:village/exclusives/swedish/houses
[20:49:25] [Server thread/INFO]: [puffish_skills] Configuration loaded successfully!
[20:49:25] [Server thread/INFO]: [puffish_skills] Data pack `simplyskills` loaded successfully!
[20:49:26] [Server thread/INFO]: Starting background profiler...
[20:49:26] [Server thread/INFO]: Loaded default config values from file at path ./defaultconfigs/veinmining-server.toml
[20:49:26] [Server thread/INFO]: Loaded default config values from file at path ./defaultconfigs/comforts-server.toml
[20:49:26] [Server thread/INFO]: [STDOUT]: Encoded SpellRegistry size (with package overhead): 604359 bytes (in 61 string chunks with the size of 10000)
[20:49:26] [Server thread/INFO]: Initializing environment controller...
[20:49:26] [Server thread/INFO]: Scanning class appeng.server.testplots.TestPlots for plots
[20:49:26] [Server thread/INFO]: Scanning class appeng.server.testplots.AutoCraftingTestPlots for plots
[20:49:26] [Server thread/INFO]: Scanning class appeng.server.testplots.InscriberTestPlots for plots
[20:49:26] [Server thread/INFO]: Scanning class appeng.server.testplots.P2PTestPlots for plots
[20:49:26] [Server thread/INFO]: Scanning class appeng.server.testplots.ItemP2PTestPlots for plots
[20:49:26] [Server thread/INFO]: Scanning class appeng.server.testplots.MemoryCardTestPlots for plots
[20:49:26] [Server thread/INFO]: Scanning class appeng.server.testplots.PatternProviderLockModePlots for plots
[20:49:26] [Server thread/INFO]: Scanning class appeng.server.testplots.PatternProviderPlots for plots
[20:49:26] [Server thread/INFO]: Scanning class appeng.server.testplots.SpatialTestPlots for plots
[20:49:26] [Server thread/INFO]: Scanning class appeng.server.testplots.QnbTestPlots for plots
[20:49:26] [Server thread/INFO]: Scanning class appeng.server.testplots.GuidebookPlot for plots
[20:49:26] [Server thread/INFO]: Scanning class appeng.server.testplots.SubnetPlots for plots
[20:49:26] [Server thread/INFO]: Scanning class appeng.server.testplots.AnnihilationPlaneTests for plots
[20:49:26] [Server thread/INFO]: Scanning class de.mari_023.ae2wtlib.AE2WTLibTestPlots for plots
[20:49:26] [Server thread/INFO]: Starting minecraft server version 1.20.1
[20:49:26] [Server thread/INFO]: Loading properties
[20:49:26] [Server thread/INFO]: Default game type: SURVIVAL
[20:49:26] [Server thread/INFO]: Generating keypair
[20:49:27] [Server thread/INFO]: Starting Minecraft server on *:25565
[20:49:27] [Server thread/INFO]: Using epoll channel type
[20:49:27] [Server thread/INFO]: Using epoll channel type
[20:49:27] [Server thread/WARN]: **** SERVER IS RUNNING IN OFFLINE/INSECURE MODE!
[20:49:27] [Server thread/WARN]: The server will make no attempt to authenticate usernames. Beware.
[20:49:27] [Server thread/WARN]: While this makes the game possible to play without internet access, it also opens up the ability for hackers to connect with any username they choose.
[20:49:27] [Server thread/WARN]: To change this, set "online-mode" to "true" in the server.properties file.
[20:49:27] [Server thread/INFO]: [betternether] Freeze Registry[ResourceKey[minecraft:root / worlds_together:worldgen/betterx/surface_rules] (Stable)]
[20:49:27] [Server thread/INFO]: Preparing level "world"
[20:49:27] [Server thread/INFO]: Initializing Open Parties and Claims for the server...
[20:49:27] [Server thread/INFO]: Loading server info!
[20:49:27] [Server thread/INFO]: Loading player configs...
[20:49:27] [Server thread/INFO]: Loaded player configs!
[20:49:27] [Server thread/INFO]: Loading parties...
[20:49:27] [Server thread/INFO]: Loaded parties!
[20:49:27] [Server thread/INFO]: Fixing party inconsistencies...
[20:49:27] [nioEventLoopGroup-2-1/WARN]: Luna is running on a Dedicated Server! This shouldn't normally happen.
[20:49:27] [nioEventLoopGroup-2-1/INFO]: Domain assigned: glue-payment.mc.lunapixel.gg
[20:49:27] [Server thread/INFO]: Registered party system for OPAC: default
[20:49:27] [Server thread/INFO]: Registered party system for OPAC: ftb_teams
[20:49:27] [Server thread/INFO]: Registered permission system for OPAC: permission_api
[20:49:27] [Server thread/INFO]: [bclib] 
Apply Modifications for minecells:black_bridge
    class_1992 (8b0f03f)
        biomes     = 1
        namespaces = minecells(1)
[20:49:27] [Server thread/INFO]: [bclib] 
Apply Modifications for ad_astra:mars_orbit
    class_1992 (1953fec8)
        biomes     = 1
        namespaces = ad_astra(1)
[20:49:27] [Server thread/INFO]: [bclib] 
Apply Modifications for ad_astra:glacio_orbit
    class_1992 (1c71315)
        biomes     = 1
        namespaces = ad_astra(1)
[20:49:27] [Server thread/INFO]: [bclib] 
Apply Modifications for ad_astra:mercury_orbit
    class_1992 (3d2bb1)
        biomes     = 1
        namespaces = ad_astra(1)
[20:49:27] [Server thread/INFO]: [bclib] 
Apply Modifications for minecraft:the_end
    BCLib - The End  BiomeSource (1a6296b)
        biomes     = 28
        namespaces = eldritch_end(2), betterend(19), minecraft(5), promenade(2)
        seed       = 3759432386763562209
        height     = 128
        deciders   = 1
        config     = BCLEndBiomeSourceConfig{mapVersion=hex, generatorVersion=paulevs, withVoidBiomes=true, innerVoidRadiusSquared=1048576, voidBiomesSize=256, centerBiomesSize=256, landBiomesSize=256, barrensBiomesSize=256}
[20:49:27] [Server thread/INFO]: [bclib] 
Apply Modifications for prominent:vaaz_volcano
    class_1992 (58466a33)
        biomes     = 1
        namespaces = prominent(1)
[20:49:27] [Server thread/INFO]: [bclib] 
Apply Modifications for prominent:cinderstone_depths
    class_1992 (1b83995f)
        biomes     = 1
        namespaces = prominent(1)
[20:49:27] [Server thread/INFO]: [bclib] 
Apply Modifications for ad_astra:moon_orbit
    class_1992 (6b07d421)
        biomes     = 1
        namespaces = ad_astra(1)
[20:49:27] [Server thread/INFO]: [bclib] 
Apply Modifications for the_bumblezone:the_bumblezone
    BzBiomeSource (3e528823)
        biomes     = 8
        namespaces = the_bumblezone(8)
[20:49:27] [Server thread/INFO]: [bclib] 
Apply Modifications for ad_astra:earth_orbit
    class_1992 (6ef53075)
        biomes     = 1
        namespaces = ad_astra(1)
[20:49:27] [Server thread/INFO]: [bclib] 
Apply Modifications for ad_astra:glacio
    class_4766 (5abb8584)
        biomes     = 2
        namespaces = ad_astra(2)
[20:49:27] [Server thread/INFO]: [bclib] 
Apply Modifications for ad_astra:venus_orbit
    class_1992 (4df0e717)
        biomes     = 1
        namespaces = ad_astra(1)
[20:49:27] [Server thread/INFO]: [bclib] 
Apply Modifications for ad_astra:mercury
    class_4766 (6a7c9373)
        biomes     = 1
        namespaces = ad_astra(1)
[20:49:27] [Server thread/INFO]: [bclib] 
Apply Modifications for ad_astra:moon
    class_1992 (22f89851)
        biomes     = 1
        namespaces = ad_astra(1)
[20:49:27] [Server thread/INFO]: [bclib] 
Apply Modifications for spellbladenext:glassocean
    class_1992 (2d9bab13)
        biomes     = 1
        namespaces = spellbladenext(1)
[20:49:27] [Server thread/INFO]: [bclib] 
Apply Modifications for minecraft:the_nether
    BCLib - Nether BiomeSource (3b4b42db)
        biomes     = 32
        namespaces = betternether(22), minecraft(5), regions_unexplored(5)
        seed       = 3759432386763562209
        height     = 128
        config     = BCLibNetherBiomeSourceConfig{mapVersion=hex, useVerticalBiomes=true, amplified=false, biomeSize=256, biomeSizeVertical=86}
[20:49:27] [Server thread/INFO]: [bclib] 
Apply Modifications for minecells:insufferable_crypt
    class_1992 (7c386189)
        biomes     = 1
        namespaces = minecells(1)
[20:49:27] [Server thread/INFO]: [bclib] 
Apply Modifications for minecells:ramparts
    class_1992 (5292ccfb)
        biomes     = 1
        namespaces = minecells(1)
[20:49:27] [Server thread/INFO]: [bclib] 
Apply Modifications for deeperdarker:otherside
    class_4766 (67fdf73c)
        biomes     = 3
        namespaces = deeperdarker(3)
[20:49:27] [Server thread/INFO]: [bclib] 
Apply Modifications for minecells:prison
    class_1992 (606e540c)
        biomes     = 1
        namespaces = minecells(1)
[20:49:27] [Server thread/INFO]: [bclib] 
Apply Modifications for minecells:promenade
    class_1992 (7379126)
        biomes     = 1
        namespaces = minecells(1)
[20:49:27] [Server thread/INFO]: [bclib] 
Apply Modifications for ad_astra:venus
    class_4766 (4ce6d536)
        biomes     = 2
        namespaces = ad_astra(2)
[20:49:27] [Server thread/INFO]: [bclib] 
Apply Modifications for ad_astra:mars
    class_4766 (26d6e726)
        biomes     = 3
        namespaces = ad_astra(3)
[20:49:27] [Server thread/INFO]: [bclib] 
Apply Modifications for minecraft:overworld
    class_4766 (5370aca2)
        biomes     = 127
        namespaces = minecraft(53), riverredux(3), snifferplus(1), promenade(4), regions_unexplored(66)
[20:49:27] [Server thread/INFO]: [bclib] World Dimensions: 
 - minecells:black_bridge: 
     net.minecraft.class_2897@5305dd4 
     class_1992 (8b0f03f)
         biomes     = 1
         namespaces = minecells(1)
 - ad_astra:mars_orbit: 
     net.minecraft.class_3754@4b0cc101 
     class_1992 (1953fec8)
         biomes     = 1
         namespaces = ad_astra(1)
 - ad_astra:glacio_orbit: 
     net.minecraft.class_3754@61e2004 
     class_1992 (1c71315)
         biomes     = 1
         namespaces = ad_astra(1)
 - ad_astra:mercury_orbit: 
     net.minecraft.class_3754@2d94e67e 
     class_1992 (3d2bb1)
         biomes     = 1
         namespaces = ad_astra(1)
 - minecraft:the_end: 
     BCLib - Chunk Generator (23271888) 
     BCLib - The End  BiomeSource (1a6296b)
         biomes     = 28
         namespaces = eldritch_end(2), betterend(19), minecraft(5), promenade(2)
         seed       = 3759432386763562209
         height     = 128
         deciders   = 1
         config     = BCLEndBiomeSourceConfig{mapVersion=hex, generatorVersion=paulevs, withVoidBiomes=true, innerVoidRadiusSquared=1048576, voidBiomesSize=256, centerBiomesSize=256, landBiomesSize=256, barrensBiomesSize=256}
 - prominent:vaaz_volcano: 
     net.minecraft.class_2897@49736748 
     class_1992 (58466a33)
         biomes     = 1
         namespaces = prominent(1)
 - prominent:cinderstone_depths: 
     net.minecraft.class_2897@fb31ff 
     class_1992 (1b83995f)
         biomes     = 1
         namespaces = prominent(1)
 - ad_astra:moon_orbit: 
     net.minecraft.class_3754@399ca72e 
     class_1992 (6b07d421)
         biomes     = 1
         namespaces = ad_astra(1)
 - the_bumblezone:the_bumblezone: 
     com.telepathicgrunt.the_bumblezone.worldgen.dimension.BzChunkGenerator@328c54dd 
     BzBiomeSource (3e528823)
         biomes     = 8
         namespaces = the_bumblezone(8)
 - ad_astra:earth_orbit: 
     net.minecraft.class_3754@44ccbe18 
     class_1992 (6ef53075)
         biomes     = 1
         namespaces = ad_astra(1)
 - ad_astra:glacio: 
     net.minecraft.class_3754@a4108b2 
     class_4766 (5abb8584)
         biomes     = 2
         namespaces = ad_astra(2)
 - ad_astra:venus_orbit: 
     net.minecraft.class_3754@6cedbccf 
     class_1992 (4df0e717)
         biomes     = 1
         namespaces = ad_astra(1)
 - ad_astra:mercury: 
     net.minecraft.class_3754@687a1216 
     class_4766 (6a7c9373)
         biomes     = 1
         namespaces = ad_astra(1)
 - ad_astra:moon: 
     net.minecraft.class_3754@23724305 
     class_1992 (22f89851)
         biomes     = 1
         namespaces = ad_astra(1)
 - spellbladenext:glassocean: 
     net.minecraft.class_2897@1549e614 
     class_1992 (2d9bab13)
         biomes     = 1
         namespaces = spellbladenext(1)
 - minecraft:the_nether: 
     BCLib - Chunk Generator (2159f2) 
     BCLib - Nether BiomeSource (3b4b42db)
         biomes     = 32
         namespaces = betternether(22), minecraft(5), regions_unexplored(5)
         seed       = 3759432386763562209
         height     = 128
         config     = BCLibNetherBiomeSourceConfig{mapVersion=hex, useVerticalBiomes=true, amplified=false, biomeSize=256, biomeSizeVertical=86}
 - minecells:insufferable_crypt: 
     net.minecraft.class_2897@e39bb00 
     class_1992 (7c386189)
         biomes     = 1
         namespaces = minecells(1)
 - minecells:ramparts: 
     net.minecraft.class_3754@5876f192 
     class_1992 (5292ccfb)
         biomes     = 1
         namespaces = minecells(1)
 - deeperdarker:otherside: 
     net.minecraft.class_3754@24dfa178 
     class_4766 (67fdf73c)
         biomes     = 3
         namespaces = deeperdarker(3)
 - minecells:prison: 
     net.minecraft.class_2897@ffbd3f2 
     class_1992 (606e540c)
         biomes     = 1
         namespaces = minecells(1)
 - minecells:promenade: 
     net.minecraft.class_3754@5eba24d9 
     class_1992 (7379126)
         biomes     = 1
         namespaces = minecells(1)
 - ad_astra:venus: 
     net.minecraft.class_3754@1dd3eb1b 
     class_4766 (4ce6d536)
         biomes     = 2
         namespaces = ad_astra(2)
 - ad_astra:mars: 
     net.minecraft.class_3754@29c593c9 
     class_4766 (26d6e726)
         biomes     = 3
         namespaces = ad_astra(3)
 - minecraft:overworld: 
     net.minecraft.class_3754@51f91ee4 
     class_4766 (5370aca2)
         biomes     = 127
         namespaces = minecraft(53), riverredux(3), snifferplus(1), promenade(4), regions_unexplored(66)
[20:49:27] [Server thread/INFO]: [bclib] Merged 19 additional Surface Rules for 
BCLib - The End  BiomeSource (1a6296b)
    biomes     = 28
    namespaces = eldritch_end(2), betterend(19), minecraft(5), promenade(2)
    seed       = 3759432386763562209
    height     = 128
    deciders   = 1
    config     = BCLEndBiomeSourceConfig{mapVersion=hex, generatorVersion=paulevs, withVoidBiomes=true, innerVoidRadiusSquared=1048576, voidBiomesSize=256, centerBiomesSize=256, landBiomesSize=256, barrensBiomesSize=256} => 20
[20:49:27] [Server thread/INFO]: [bclib] Merged 22 additional Surface Rules for 
BCLib - Nether BiomeSource (3b4b42db)
    biomes     = 32
    namespaces = betternether(22), minecraft(5), regions_unexplored(5)
    seed       = 3759432386763562209
    height     = 128
    config     = BCLibNetherBiomeSourceConfig{mapVersion=hex, useVerticalBiomes=true, amplified=false, biomeSize=256, biomeSizeVertical=86} => 74
[20:49:27] [Server thread/INFO]: Enforcing safe world random access
[20:49:28] [Server thread/INFO]: Ignoring world 'minecells:black_bridge'; unknown dimension type: minecells:black_bridge
[20:49:28] [Server thread/INFO]: Ignoring world 'ad_astra:mars_orbit'; unknown dimension type: ad_astra:mars_orbit
[20:49:28] [Server thread/INFO]: Ignoring world 'ad_astra:glacio_orbit'; unknown dimension type: ad_astra:glacio_orbit
[20:49:28] [Server thread/INFO]: Ignoring world 'ad_astra:mercury_orbit'; unknown dimension type: ad_astra:mercury_orbit
[20:49:28] [Server thread/INFO]: Ignoring world 'prominent:vaaz_volcano'; unknown dimension type: prominent:cinderstone_depths
[20:49:28] [Server thread/INFO]: Ignoring world 'prominent:cinderstone_depths'; unknown dimension type: prominent:cinderstone_depths
[20:49:28] [Server thread/INFO]: Ignoring world 'ad_astra:moon_orbit'; unknown dimension type: ad_astra:moon_orbit
[20:49:28] [Server thread/INFO]: Ignoring world 'the_bumblezone:the_bumblezone'; unknown dimension type: the_bumblezone:the_bumblezone
[20:49:28] [Server thread/INFO]: Ignoring world 'ad_astra:earth_orbit'; unknown dimension type: ad_astra:earth_orbit
[20:49:28] [Server thread/INFO]: Ignoring world 'ad_astra:glacio'; unknown dimension type: ad_astra:glacio
[20:49:28] [Server thread/INFO]: Ignoring world 'ad_astra:venus_orbit'; unknown dimension type: ad_astra:venus_orbit
[20:49:28] [Server thread/INFO]: Ignoring world 'ad_astra:mercury'; unknown dimension type: ad_astra:mercury
[20:49:28] [Server thread/INFO]: Ignoring world 'ad_astra:moon'; unknown dimension type: ad_astra:moon
[20:49:28] [Server thread/INFO]: Ignoring world 'spellbladenext:glassocean'; unknown dimension type: spellbladenext:glassocean
[20:49:28] [Server thread/INFO]: Ignoring world 'minecells:insufferable_crypt'; unknown dimension type: minecells:prison
[20:49:28] [Server thread/INFO]: Ignoring world 'minecells:ramparts'; unknown dimension type: minecells:ramparts
[20:49:28] [Server thread/INFO]: Ignoring world 'deeperdarker:otherside'; unknown dimension type: deeperdarker:otherside
[20:49:28] [Server thread/INFO]: Ignoring world 'minecells:prison'; unknown dimension type: minecells:prison
[20:49:28] [Server thread/INFO]: Ignoring world 'minecells:promenade'; unknown dimension type: minecells:promenade
[20:49:28] [Server thread/INFO]: Ignoring world 'ad_astra:venus'; unknown dimension type: ad_astra:venus
[20:49:28] [Server thread/INFO]: Ignoring world 'ad_astra:mars'; unknown dimension type: ad_astra:mars
[20:49:28] [Server thread/INFO]: Ignoring world 'ae2:spatial_storage'; unknown dimension type: ae2:spatial_storage
[20:49:28] [Server thread/INFO]: Loading dimension "minecraft:the_nether" with biome source: "bclib:nether_biome_source".
[20:49:28] [Server thread/INFO]: Preparing start region for dimension minecraft:overworld
[20:49:28] [Server thread/WARN]: Method overwrite conflict for removeIf in modernfix-common.mixins.json:bugfix.paper_chunk_patches.SortedArraySetMixin from mod modernfix, previously written by me.jellysquid.mods.lithium.mixin.world.chunk_tickets.SortedArraySetMixin. Skipping method.
[20:49:32] [Server thread/INFO]: Preparing spawn area: 0%
[20:49:32] [Server thread/INFO]: Preparing spawn area: 0%
[20:49:32] [Server thread/INFO]: Preparing spawn area: 0%
[20:49:32] [Server thread/INFO]: Preparing spawn area: 0%
[20:49:32] [Server thread/INFO]: Preparing spawn area: 0%
[20:49:32] [Server thread/INFO]: Preparing spawn area: 0%
[20:49:32] [Server thread/INFO]: Preparing spawn area: 0%
[20:49:32] [Server thread/INFO]: Preparing spawn area: 0%
[20:49:32] [Server thread/INFO]: Preparing spawn area: 0%
[20:49:33] [Server thread/INFO]: Preparing spawn area: 0%
[20:49:33] [Server thread/WARN]: Method overwrite conflict for computeValue in spellbladenext.mixins.json:AttributeMixin from mod spellbladenext, previously written by com.extraspellattributes.mixin.AttributeMixin. Skipping method.
[20:49:33] [Server thread/WARN]: Method overwrite conflict for computeAdded in spellbladenext.mixins.json:AttributeMixin from mod spellbladenext, previously written by com.extraspellattributes.mixin.AttributeMixin. Skipping method.
[20:49:34] [Server thread/INFO]: Time elapsed: 5779 ms
[20:49:34] [Server thread/INFO]: Done (7.310s)! For help, type "help"
[20:49:34] [Server thread/WARN]: Dedicated server took 109.289 seconds to load
[20:49:34] [Server thread/INFO]: Mixing common.MixinServerStatus from mixins/common/nochatreports.mixins.json into net.minecraft.class_2926
[20:49:34] [Server thread/ERROR]: Couldn't load the given entries within tag alloy_forgery:blacklisted_blasting_recipes: minecraft:coal_from_blasting_coal_ore (from fabric), minecraft:coal_from_blasting_deepslate_coal_ore (from fabric)
[20:49:34] [Server thread/INFO]: Loading quests from /workspaces/afvs/servidor_minecraft/config/ftbquests/quests
[20:49:34] [Server thread/INFO]: Loaded 6 chapter groups, 31 chapters, 1259 quests, 7 reward tables
[20:49:35] [Server thread/INFO]: Encoded Weapon Attribute registry size (with package overhead): 393359 bytes (in 40 string chunks with the size of 10000)
[20:49:35] [Server thread/INFO]: Loaded config for: cupboard.json
[20:49:35] [Server thread/INFO]: Loaded config for: connectivity.json
[20:49:35] [Server thread/INFO]: Loaded config for: lootintegrations.json
[20:49:35] [Server thread/INFO]: Loaded config for: betterfpsdist.json
[20:49:35] [Server thread/INFO]: Loaded config for: dragonfight.json
[20:49:35] [Server thread/INFO]: Loaded config for: smoothchunk.json
[20:49:35] [Server thread/INFO]: [STDOUT]: PREPARING FOR RELOAD
[20:49:35] [Server thread/INFO]: Start loading plugin from Applied Energistics 2
[20:49:35] [Server thread/INFO]: Start loading plugin from ExtendedAE
[20:49:35] [Server thread/INFO]: Start loading plugin from Jade
[20:49:35] [Server thread/INFO]: Start loading plugin from Jade
[20:49:35] [Server thread/INFO]: Start loading plugin from Jade
[20:49:35] [Server thread/INFO]: Start loading plugin from Supplementaries
[20:49:35] [Server thread/INFO]: Start loading plugin from HT's TreeChop
[20:49:35] [Server thread/INFO]: Start loading plugin from Zenith
[20:49:35] [Server thread/INFO]: Start loading plugin from Zenith
[20:49:35] [Server thread/INFO]: Start loading plugin from Zenith
[20:49:35] [Server thread/INFO]: Loaded 0 items attribute modifier(s)
[20:49:35] [Server thread/INFO]: (Re-)initialised bulk cell compression.
[20:49:35] [Server thread/INFO]: Loaded values for 133 compatible attributes.
[20:49:35] [Server thread/ERROR]: Attribute ID 'puffish_skills:player.ranged_damage' does not belong to a known attribute. This entry will be ignored.
[20:49:35] [Server thread/ERROR]: Attribute ID 'spellbladenext:converttofire' does not belong to a known attribute. This entry will be ignored.
[20:49:35] [Server thread/ERROR]: Attribute ID 'spellbladenext:converttoarcane' does not belong to a known attribute. This entry will be ignored.
[20:49:35] [Server thread/ERROR]: Attribute ID 'puffish_skills:player.fortune' does not belong to a known attribute. This entry will be ignored.
[20:49:35] [Server thread/ERROR]: Attribute ID 'spellbladenext:warding' does not belong to a known attribute. This entry will be ignored.
[20:49:35] [Server thread/ERROR]: Attribute ID 'puffish_skills:player.jump' does not belong to a known attribute. This entry will be ignored.
[20:49:35] [Server thread/ERROR]: Attribute ID 'additionalentityattributes:magic_protection' does not belong to a known attribute. This entry will be ignored.
[20:49:35] [Server thread/ERROR]: Attribute ID 'additionalentityattributes:bonus_loot_count_rolls' does not belong to a known attribute. This entry will be ignored.
[20:49:35] [Server thread/ERROR]: Attribute ID 'additionalentityattributes:lung_capacity' does not belong to a known attribute. This entry will be ignored.
[20:49:35] [Server thread/ERROR]: Attribute ID 'puffish_skills:player.resistance' does not belong to a known attribute. This entry will be ignored.
[20:49:35] [Server thread/ERROR]: Attribute ID 'spellbladenext:converttofrost' does not belong to a known attribute. This entry will be ignored.
[20:49:35] [Server thread/ERROR]: Attribute ID 'additionalentityattributes:dig_speed' does not belong to a known attribute. This entry will be ignored.
[20:49:35] [Server thread/ERROR]: Attribute ID 'spellbladenext:convertfromfrost' does not belong to a known attribute. This entry will be ignored.
[20:49:35] [Server thread/ERROR]: Attribute ID 'additionalentityattributes:water_visibility' does not belong to a known attribute. This entry will be ignored.
[20:49:35] [Server thread/ERROR]: Attribute ID 'minecraft:estrogen.boob_initial_size' does not belong to a known attribute. This entry will be ignored.
[20:49:35] [Server thread/ERROR]: Attribute ID 'puffish_skills:player.stamina' does not belong to a known attribute. This entry will be ignored.
[20:49:35] [Server thread/ERROR]: Attribute ID 'additionalentityattributes:critical_bonus_damage' does not belong to a known attribute. This entry will be ignored.
[20:49:35] [Server thread/ERROR]: Attribute ID 'puffish_skills:player.healing' does not belong to a known attribute. This entry will be ignored.
[20:49:35] [Server thread/ERROR]: Attribute ID 'spellbladenext:convertfromarcane' does not belong to a known attribute. This entry will be ignored.
[20:49:35] [Server thread/ERROR]: Attribute ID 'spellbladenext:convertfromfire' does not belong to a known attribute. This entry will be ignored.
[20:49:35] [Server thread/ERROR]: Attribute ID 'puffish_skills:player.sprinting_speed' does not belong to a known attribute. This entry will be ignored.
[20:49:35] [Server thread/ERROR]: Attribute ID 'puffish_skills:player.knockback' does not belong to a known attribute. This entry will be ignored.
[20:49:35] [Server thread/ERROR]: Attribute ID 'additionalentityattributes:dropped_experience' does not belong to a known attribute. This entry will be ignored.
[20:49:35] [Server thread/ERROR]: Attribute ID 'puffish_skills:player.melee_damage' does not belong to a known attribute. This entry will be ignored.
[20:49:35] [Server thread/ERROR]: Attribute ID 'minecraft:estrogen.boob_growing_start_time' does not belong to a known attribute. This entry will be ignored.
[20:49:35] [Server thread/ERROR]: Attribute ID 'spellbladenext:converttoheal' does not belong to a known attribute. This entry will be ignored.
[20:49:35] [Server thread/ERROR]: Attribute ID 'additionalentityattributes:lava_visibility' does not belong to a known attribute. This entry will be ignored.
[20:49:35] [Server thread/ERROR]: Attribute ID 'puffish_skills:player.mining_speed' does not belong to a known attribute. This entry will be ignored.
[20:49:35] [Server thread/ERROR]: Attribute ID 'additionalentityattributes:water_speed' does not belong to a known attribute. This entry will be ignored.
[20:49:35] [Server thread/ERROR]: Attribute ID 'minecraft:estrogen.dash_level' does not belong to a known attribute. This entry will be ignored.
[20:49:35] [Server thread/ERROR]: Attribute ID 'additionalentityattributes:lava_speed' does not belong to a known attribute. This entry will be ignored.
[20:49:35] [Server thread/ERROR]: Attribute ID 'additionalentityattributes:bonus_rare_loot_rolls' does not belong to a known attribute. This entry will be ignored.
[20:49:35] [Server thread/ERROR]: Attribute ID 'minecraft:estrogen.current_dashes' does not belong to a known attribute. This entry will be ignored.
[20:49:35] [Server thread/INFO]: Loaded 166 values from config.
[20:49:35] [Server thread/INFO]: Saving config file. 166 entries.
[20:49:35] [Server thread/INFO]: Applying changes for 166 attributes.
[20:49:35] [Server thread/INFO]: Loading claims...
[20:49:35] [Server thread/INFO]: Loaded claims in 0ms
[20:49:35] [Server thread/WARN]: The configured permission system "prometheus" isn't registered!
[20:49:35] [Server thread/INFO]: Configured OPAC to use the following permission system: permission_api
[20:49:35] [Server thread/WARN]: The configured primary party system "argonauts_guilds" isn't registered!
[20:49:35] [Server thread/INFO]: Configured OPAC to use the following party system as primary: default
[20:49:35] [Server thread/INFO]: Registered synced player tracker system: ftb_teams
[20:49:35] [Server thread/INFO]: Registered synced player tracker system: ftb_teams
[20:49:35] [Server thread/INFO]: Loading Xaero's Minimap - Stage 2/2 (Server)
[20:49:35] [Server thread/INFO]: Loading Xaero's World Map - Stage 2/2 (Server)
[20:49:37] [Server thread/WARN]: Can't keep up! Is the server overloaded? Running 2508ms or 50 ticks behind
[20:49:37] [Server thread/INFO]: [STDOUT]: Finalizing energy block registration
[20:50:14] [Netty Epoll Server IO #2/INFO]: Mixing server.MixinServerboundChatCommandPacket from mixins/common/nochatreports.mixins.json into net.minecraft.class_7472
[20:50:14] [Netty Epoll Server IO #2/INFO]: Mixing server.MixinServerboundChatPacket from mixins/common/nochatreports.mixins.json into net.minecraft.class_2797
[20:50:14] [Netty Epoll Server IO #2/INFO]: Mixing server.MixinServerboundChatSessionUpdatePacket from mixins/common/nochatreports.mixins.json into net.minecraft.class_7861
[20:50:20] [Server thread/INFO]: [Handshake] Sending channel query
[20:50:20] [Netty Epoll Server IO #4/INFO]: [Handshake] Receiving client channels
[20:50:20] [Netty Epoll Server IO #4/INFO]: [Handshake] Handshake completed successfully
[20:50:21] [Server thread/INFO]: galaxy65m[/127.75.64.214:42949] logged in with entity id 226 at (-2082.2062559271853, 86.62000000476837, -374.2316482153451)
[20:50:21] [Server thread/INFO]: Sending server config values to client
[20:50:21] [Server thread/INFO]: Syncing config to galaxy65m (df766ae6-3208-3bf3-8926-4d9ae4061ea9)
[20:50:22] [Server thread/INFO]: Loading config from file...
[20:50:22] [Server thread/INFO]: [betternether] Freeze Registry[ResourceKey[minecraft:root / worlds_together:worldgen/betterx/surface_rules] (Stable)]
[20:50:22] [Server thread/INFO]: galaxy65m joined the game
[20:50:23] [Server thread/INFO]: PLAYER_JOIN
[20:50:23] [Server thread/INFO]: add_player wand
[20:50:23] [Server thread/INFO]: config sent
[20:50:23] [Server thread/INFO]: Updating all forceload tickets for df766ae6-3208-3bf3-8926-4d9ae4061ea9
[20:50:23] [Server thread/WARN]: Can't keep up! Is the server overloaded? Running 2442ms or 48 ticks behind
[20:50:24] [Netty Epoll Server IO #4/INFO]: Receiving client config
[20:50:24] [Netty Epoll Server IO #4/INFO]: [Ping-Wheel] Channel update: galaxy65m -> Global
[20:50:24] [Netty Epoll Server IO #4/INFO]: Priority overwritten for player galaxy65m. Claiming: GRAVE / Robbing: INVENTORY
[20:50:28] [Netty Epoll Server IO #4/INFO]: [do_a_barrel_roll] Client of galaxy65m accepted server config.
[20:50:29] [Server thread/INFO]: [Handshake] Sending channel query
[20:50:29] [Netty Epoll Server IO #7/INFO]: [Handshake] Receiving client channels
[20:50:29] [Netty Epoll Server IO #7/INFO]: [Handshake] Handshake completed successfully
[20:50:29] [Server thread/INFO]: Pancito_KawaiiG[/127.12.254.233:55971] logged in with entity id 293 at (-2101.6525068550186, 85.41999998688698, -366.3143674240491)
[20:50:29] [Server thread/INFO]: Sending server config values to client
[20:50:29] [Server thread/INFO]: Syncing config to Pancito_KawaiiG (dd0c9ee7-09db-3026-99f3-011946b01c57)
[20:50:29] [Server thread/INFO]: Loading config from file...
[20:50:29] [Server thread/INFO]: [betternether] Freeze Registry[ResourceKey[minecraft:root / worlds_together:worldgen/betterx/surface_rules] (Stable)]
[20:50:29] [Server thread/INFO]: Pancito_KawaiiG joined the game
[20:50:30] [Server thread/INFO]: Updating all forceload tickets for dd0c9ee7-09db-3026-99f3-011946b01c57
[20:50:30] [Server thread/INFO]: PLAYER_JOIN
[20:50:30] [Server thread/INFO]: add_player wand
[20:50:30] [Server thread/INFO]: config sent
[20:50:31] [Netty Epoll Server IO #7/INFO]: Receiving client config
[20:50:31] [Netty Epoll Server IO #7/INFO]: [Ping-Wheel] Channel update: Pancito_KawaiiG -> Global
[20:50:31] [Netty Epoll Server IO #7/INFO]: Priority overwritten for player Pancito_KawaiiG. Claiming: GRAVE / Robbing: INVENTORY
[20:50:38] [Netty Epoll Server IO #7/INFO]: [do_a_barrel_roll] Client of Pancito_KawaiiG accepted server config.
[20:50:44] [Server thread/ERROR]: POI data mismatch: already registered at class_2338{x=-2207, y=-35, z=-152}
[20:50:46] [Server thread/WARN]: Can't keep up! Is the server overloaded? Running 7595ms or 151 ticks behind
[20:52:35] [Server thread/ERROR]: POI data mismatch: already registered at class_2338{x=-2323, y=23, z=-209}
[20:52:40] [Server thread/INFO]: [STDOUT]: Finalizing energy item registration
[20:52:54] [Server thread/INFO]: [STDOUT]: Finalizing fluid block registration
[20:54:05] [Server thread/INFO]: <galaxy65m> xaero-waypoint:Shared Location:S:-2519:~:-402:5:false:0:Internal-overworld-waypoints
[20:57:07] [Server thread/INFO]: [Handshake] Sending channel query
[20:57:07] [Netty Epoll Server IO #1/INFO]: [Handshake] Receiving client channels
[20:57:07] [Netty Epoll Server IO #1/INFO]: [Handshake] Handshake completed successfully
[20:57:07] [Server thread/INFO]: nino_alf[/127.33.4.109:49963] logged in with entity id 1439 at (-2094.737191304239, 87.79673560066871, -369.52354340449955)
[20:57:07] [Server thread/INFO]: Sending server config values to client
[20:57:07] [Server thread/INFO]: Syncing config to nino_alf (0353a03d-9344-32df-a99e-c414295afec8)
[20:57:07] [Server thread/INFO]: Loading config from file...
[20:57:07] [Server thread/INFO]: [betternether] Freeze Registry[ResourceKey[minecraft:root / worlds_together:worldgen/betterx/surface_rules] (Stable)]
[20:57:08] [Server thread/INFO]: nino_alf joined the game
[20:57:08] [Server thread/INFO]: Updating all forceload tickets for 0353a03d-9344-32df-a99e-c414295afec8
[20:57:08] [Server thread/INFO]: PLAYER_JOIN
[20:57:08] [Server thread/INFO]: add_player wand
[20:57:08] [Server thread/INFO]: config sent
[20:57:09] [Netty Epoll Server IO #1/INFO]: Receiving client config
[20:57:11] [Netty Epoll Server IO #1/INFO]: [Ping-Wheel] Channel update: nino_alf -> Global
[20:57:11] [Netty Epoll Server IO #1/INFO]: Priority overwritten for player nino_alf. Claiming: GRAVE / Robbing: INVENTORY
[20:57:14] [Netty Epoll Server IO #1/INFO]: [do_a_barrel_roll] Client of nino_alf accepted server config.
